# Blender 4.5.2 LTS
# www.blender.org
mtllib StickmanOrangeNewest.mtl
o Cube.017
v -0.614433 10.271931 -2.124783
v 0.162055 10.367990 0.144102
v -1.336190 10.523321 -1.888416
v -0.198824 10.493686 0.262286
v -0.386237 11.030731 -2.235005
v 0.390251 11.126791 0.033880
v -1.107994 11.282122 -1.998639
v 0.029373 11.252486 0.152063
v -0.715000 10.600169 -0.073308
v -0.870297 10.580957 -0.527085
v -1.025595 10.561746 -0.980862
v -1.180893 10.542534 -1.434639
v -1.153633 11.130362 -1.976594
v -1.199273 10.978601 -1.954550
v -1.244912 10.826841 -1.932505
v -1.290551 10.675081 -1.910461
v -0.153184 10.645446 0.240241
v -0.107545 10.797206 0.218197
v -0.061906 10.948966 0.196152
v -0.016266 11.100726 0.174108
v -0.486803 11.358970 -0.183531
v -0.642101 11.339757 -0.637308
v -0.797399 11.320545 -1.091084
v -0.952696 11.301333 -1.544862
v -1.135254 10.694293 -1.456684
v -1.089614 10.846053 -1.478728
v -1.043975 10.997813 -1.500773
v -0.998336 11.149573 -1.522817
v -0.979956 10.713506 -1.002907
v -0.934317 10.865266 -1.024951
v -0.888677 11.017025 -1.046996
v -0.843038 11.168785 -1.069040
v -0.824658 10.732718 -0.549130
v -0.779019 10.884478 -0.571174
v -0.733380 11.036238 -0.593219
v -0.687740 11.187998 -0.615263
v -0.669361 10.751929 -0.095353
v -0.623721 10.903689 -0.117397
v -0.578082 11.055449 -0.139442
v -0.532443 11.207210 -0.161486
vn -0.2852 -0.9485 0.1378
vn -0.4860 0.2670 0.8322
vn -0.1712 0.1919 0.9664
vn 0.2852 0.9485 -0.1378
vn 0.9022 -0.3142 -0.2955
vn -0.3235 -0.0400 -0.9454
vn 0.3235 0.0400 0.9454
vn -0.9022 0.3142 0.2955
vt 0.375000 0.000000
vt 0.625000 0.000000
vt 0.625000 0.250000
vt 0.575000 0.250000
vt 0.525000 0.250000
vt 0.475000 0.250000
vt 0.425000 0.250000
vt 0.375000 0.250000
vt 0.575000 0.450000
vt 0.625000 0.450000
vt 0.625000 0.500000
vt 0.575000 0.500000
vt 0.375000 0.500000
vt 0.425000 0.500000
vt 0.475000 0.500000
vt 0.525000 0.500000
vt 0.625000 0.750000
vt 0.375000 0.750000
vt 0.625000 1.000000
vt 0.375000 1.000000
vt 0.125000 0.500000
vt 0.175000 0.500000
vt 0.225000 0.500000
vt 0.275000 0.500000
vt 0.325000 0.500000
vt 0.125000 0.750000
vt 0.675000 0.500000
vt 0.725000 0.500000
vt 0.775000 0.500000
vt 0.825000 0.500000
vt 0.875000 0.500000
vt 0.875000 0.750000
vt 0.375000 0.450000
vt 0.425000 0.450000
vt 0.475000 0.450000
vt 0.525000 0.450000
vt 0.425000 0.300000
vt 0.375000 0.300000
vt 0.425000 0.350000
vt 0.375000 0.350000
vt 0.425000 0.400000
vt 0.375000 0.400000
vt 0.475000 0.300000
vt 0.475000 0.350000
vt 0.475000 0.400000
vt 0.525000 0.300000
vt 0.525000 0.350000
vt 0.525000 0.400000
vt 0.575000 0.300000
vt 0.575000 0.350000
vt 0.575000 0.400000
vt 0.625000 0.300000
vt 0.625000 0.350000
vt 0.625000 0.400000
s 1
usemtl orange.base.skin.001
f 1/1/1 2/2/1 4/3/1 9/4/1 10/5/1 11/6/1 12/7/1 3/8/1
f 40/9/2 20/10/3 8/11/3 21/12/2
f 7/13/4 24/14/4 23/15/4 22/16/4 21/12/4 8/11/4 6/17/4 5/18/4
f 5/18/5 6/17/5 2/19/5 1/20/5
f 3/21/6 16/22/6 15/23/6 14/24/6 13/25/6 7/13/6 5/18/6 1/26/6
f 8/11/3 20/27/3 19/28/3 18/29/3 17/30/3 4/31/3 2/32/7 6/17/7
f 13/33/8 28/34/8 24/14/8 7/13/8
f 28/34/8 32/35/8 23/15/8 24/14/8
f 32/35/8 36/36/8 22/16/8 23/15/8
f 36/36/8 40/9/8 21/12/8 22/16/8
f 3/8/8 12/7/8 25/37/8 16/38/8
f 16/38/8 25/37/8 26/39/8 15/40/8
f 15/40/8 26/39/8 27/41/8 14/42/8
f 14/42/8 27/41/8 28/34/8 13/33/8
f 12/7/8 11/6/8 29/43/8 25/37/8
f 25/37/8 29/43/8 30/44/8 26/39/8
f 26/39/8 30/44/8 31/45/8 27/41/8
f 27/41/8 31/45/8 32/35/8 28/34/8
f 11/6/8 10/5/8 33/46/8 29/43/8
f 29/43/8 33/46/8 34/47/8 30/44/8
f 30/44/8 34/47/8 35/48/8 31/45/8
f 31/45/8 35/48/8 36/36/8 32/35/8
f 10/5/8 9/4/8 37/49/8 33/46/8
f 33/46/8 37/49/8 38/50/8 34/47/8
f 34/47/8 38/50/8 39/51/8 35/48/8
f 35/48/8 39/51/8 40/9/8 36/36/8
f 9/4/2 4/3/3 17/52/3 37/49/2
f 37/49/2 17/52/3 18/53/3 38/50/2
f 38/50/2 18/53/3 19/54/3 39/51/2
f 39/51/2 19/54/3 20/10/3 40/9/2
o Cube
v 1.672405 1.251103 -3.832428
v 1.433674 3.440971 -1.776344
v 0.514880 0.969616 -3.547888
v 0.677598 3.257108 -1.590487
v 1.280303 2.062214 -4.625116
v 1.172273 3.981711 -2.304803
v 0.146188 1.786420 -4.346331
v 0.416196 3.797849 -2.118946
vn 0.3264 -0.6279 0.7066
vn -0.9463 -0.1714 0.2740
vn -0.3257 0.7210 -0.6116
vn 0.9433 0.2759 -0.1843
vn -0.0052 -0.7002 -0.7139
vn 0.0052 0.7002 0.7139
vt 0.375000 0.000000
vt 0.625000 0.000000
vt 0.625000 0.250000
vt 0.375000 0.250000
vt 0.625000 0.500000
vt 0.375000 0.500000
vt 0.625000 0.750000
vt 0.375000 0.750000
vt 0.625000 1.000000
vt 0.375000 1.000000
vt 0.125000 0.500000
vt 0.125000 0.750000
vt 0.875000 0.500000
vt 0.875000 0.750000
s 1
usemtl orange.base.skin.001
f 41/55/9 42/56/9 44/57/9 43/58/9
f 43/58/10 44/57/10 48/59/10 47/60/10
f 47/60/11 48/59/11 46/61/11 45/62/11
f 45/62/12 46/61/12 42/63/12 41/64/12
f 43/65/13 47/60/13 45/62/13 41/66/13
f 48/59/14 44/67/14 42/68/14 46/61/14
o Cube.016
v -1.542707 8.511181 -2.852537
v -0.470835 10.409045 -1.808888
v -2.584597 8.995243 -2.428024
v -1.151381 10.725227 -1.531603
v -1.613134 9.211764 -3.824248
v -0.517786 10.876101 -2.456696
v -2.633952 9.686037 -3.408320
v -1.198332 11.192283 -2.179411
vn 0.1019 -0.5229 0.8463
vn -0.8020 0.4634 0.3770
vn -0.0151 0.6407 -0.7676
vn 0.8911 -0.3350 -0.3061
vn -0.5224 -0.7092 -0.4734
vn 0.5224 0.7092 0.4734
vt 0.375000 0.000000
vt 0.625000 0.000000
vt 0.625000 0.250000
vt 0.375000 0.250000
vt 0.625000 0.500000
vt 0.375000 0.500000
vt 0.625000 0.750000
vt 0.375000 0.750000
vt 0.625000 1.000000
vt 0.375000 1.000000
vt 0.125000 0.500000
vt 0.125000 0.750000
vt 0.875000 0.500000
vt 0.875000 0.750000
s 1
usemtl orange.base.skin.001
f 49/69/15 50/70/15 52/71/15 51/72/15
f 51/72/16 52/71/16 56/73/16 55/74/16
f 55/74/17 56/73/17 54/75/17 53/76/17
f 53/76/18 54/75/18 50/77/18 49/78/18
f 51/79/19 55/74/19 53/76/19 49/80/19
f 56/73/20 52/81/20 50/82/20 54/75/20
o Cube.018
v 1.979418 10.206706 4.546907
v 2.498285 8.819267 2.637511
v 3.081527 10.705540 4.355639
v 3.218165 9.145097 2.512578
v 1.499698 10.958848 3.744317
v 2.178472 9.320695 2.102451
v 2.579518 11.447593 3.556917
v 2.898352 9.646524 1.977518
vn 0.4129 -0.6798 0.6062
vn 0.9067 0.3549 -0.2279
vn -0.3839 0.5695 -0.7269
vn -0.8822 -0.4610 0.0953
vn -0.1745 0.6643 0.7268
vn 0.1745 -0.6643 -0.7268
vt 0.375000 0.000000
vt 0.625000 0.000000
vt 0.625000 0.250000
vt 0.375000 0.250000
vt 0.625000 0.500000
vt 0.375000 0.500000
vt 0.625000 0.750000
vt 0.375000 0.750000
vt 0.625000 1.000000
vt 0.375000 1.000000
vt 0.125000 0.500000
vt 0.125000 0.750000
vt 0.875000 0.500000
vt 0.875000 0.750000
s 1
usemtl orange.base.skin.001
f 57/83/21 58/84/21 60/85/21 59/86/21
f 59/86/22 60/85/22 64/87/22 63/88/22
f 63/88/23 64/87/23 62/89/23 61/90/23
f 61/90/24 62/89/24 58/91/24 57/92/24
f 59/93/25 63/88/25 61/90/25 57/94/25
f 64/87/26 60/95/26 58/96/26 62/89/26
o Cylinder.002
v 0.705056 11.754384 0.548513
v 0.739785 12.251614 0.587968
v 0.711332 11.757010 0.509901
v 0.746061 12.254239 0.549356
v 0.725019 11.758965 0.473212
v 0.759748 12.256195 0.512668
v 0.745591 11.760175 0.439858
v 0.780320 12.257404 0.479313
v 0.772258 11.760593 0.411120
v 0.806986 12.257822 0.450575
v 0.803994 11.760203 0.388101
v 0.838722 12.257432 0.427556
v 0.839580 11.759020 0.371687
v 0.874308 12.256249 0.411142
v 0.877648 11.757090 0.362509
v 0.912376 12.254319 0.401964
v 0.916736 11.754485 0.360918
v 0.951464 12.251715 0.400373
v 0.955341 11.751308 0.366977
v 0.990070 12.248538 0.406432
v 0.991980 11.747680 0.380453
v 1.026709 12.244909 0.419908
v 1.025245 11.743740 0.400827
v 1.059974 12.240970 0.440282
v 1.053858 11.739639 0.427316
v 1.088586 12.236869 0.466771
v 1.076718 11.735537 0.458903
v 1.111446 12.232766 0.498358
v 1.092948 11.731588 0.494374
v 1.127676 12.228818 0.533829
v 1.101923 11.727947 0.532366
v 1.136651 12.225177 0.571821
v 1.103299 11.724752 0.571418
v 1.138027 12.221982 0.610873
v 1.097023 11.722127 0.610030
v 1.131751 12.219357 0.649485
v 1.083336 11.720171 0.646718
v 1.118064 12.217401 0.686173
v 1.062764 11.718962 0.680073
v 1.097492 12.216191 0.719528
v 1.036098 11.718544 0.708811
v 1.070826 12.215773 0.748266
v 1.004362 11.718934 0.731830
v 1.039090 12.216163 0.771285
v 0.968776 11.720117 0.748244
v 1.003504 12.217346 0.787699
v 0.930707 11.722047 0.757422
v 0.965435 12.219276 0.796877
v 0.891619 11.724651 0.759013
v 0.926347 12.221881 0.798468
v 0.853014 11.727828 0.752954
v 0.887742 12.225058 0.792409
v 0.816375 11.731457 0.739478
v 0.851103 12.228686 0.778933
v 0.783110 11.735396 0.719104
v 0.817838 12.232626 0.758559
v 0.754497 11.739497 0.692615
v 0.789226 12.236727 0.732070
v 0.731637 11.743600 0.661027
v 0.766366 12.240829 0.700483
v 0.715408 11.747548 0.625557
v 0.750136 12.244778 0.665012
v 0.706432 11.751189 0.587565
v 0.741161 12.248419 0.627020
vn -0.9847 0.0810 -0.1545
vn -0.9345 0.0925 -0.3437
vn -0.8484 0.1005 -0.5197
vn -0.7298 0.1046 -0.6756
vn -0.5831 0.1047 -0.8057
vn -0.4139 0.1007 -0.9047
vn -0.2289 0.0929 -0.9690
vn -0.0351 0.0815 -0.9961
vn 0.1601 0.0670 -0.9848
vn 0.3491 0.0499 -0.9358
vn 0.5247 0.0309 -0.8507
vn 0.6801 0.0107 -0.7330
vn 0.8094 -0.0099 -0.5871
vn 0.9076 -0.0302 -0.4186
vn 0.9710 -0.0492 -0.2341
vn 0.9970 -0.0664 -0.0406
vn 0.9847 -0.0810 0.1545
vn 0.9345 -0.0925 0.3437
vn 0.8484 -0.1005 0.5197
vn 0.7298 -0.1046 0.6756
vn 0.5831 -0.1047 0.8057
vn 0.4139 -0.1007 0.9047
vn 0.2289 -0.0929 0.9690
vn 0.0351 -0.0815 0.9961
vn -0.1601 -0.0670 0.9848
vn -0.3491 -0.0499 0.9358
vn -0.5247 -0.0309 0.8507
vn -0.6801 -0.0107 0.7330
vn -0.8094 0.0099 0.5871
vn -0.9076 0.0302 0.4186
vn 0.0695 0.9945 0.0789
vn -0.9710 0.0492 0.2341
vn -0.9970 0.0664 0.0406
vn -0.0695 -0.9945 -0.0789
vt 1.000000 0.500000
vt 1.000000 1.000000
vt 0.968750 1.000000
vt 0.968750 0.500000
vt 0.937500 1.000000
vt 0.937500 0.500000
vt 0.906250 1.000000
vt 0.906250 0.500000
vt 0.875000 1.000000
vt 0.875000 0.500000
vt 0.843750 1.000000
vt 0.843750 0.500000
vt 0.812500 1.000000
vt 0.812500 0.500000
vt 0.781250 1.000000
vt 0.781250 0.500000
vt 0.750000 1.000000
vt 0.750000 0.500000
vt 0.718750 1.000000
vt 0.718750 0.500000
vt 0.687500 1.000000
vt 0.687500 0.500000
vt 0.656250 1.000000
vt 0.656250 0.500000
vt 0.625000 1.000000
vt 0.625000 0.500000
vt 0.593750 1.000000
vt 0.593750 0.500000
vt 0.562500 1.000000
vt 0.562500 0.500000
vt 0.531250 1.000000
vt 0.531250 0.500000
vt 0.500000 1.000000
vt 0.500000 0.500000
vt 0.468750 1.000000
vt 0.468750 0.500000
vt 0.437500 1.000000
vt 0.437500 0.500000
vt 0.406250 1.000000
vt 0.406250 0.500000
vt 0.375000 1.000000
vt 0.375000 0.500000
vt 0.343750 1.000000
vt 0.343750 0.500000
vt 0.312500 1.000000
vt 0.312500 0.500000
vt 0.281250 1.000000
vt 0.281250 0.500000
vt 0.250000 1.000000
vt 0.250000 0.500000
vt 0.218750 1.000000
vt 0.218750 0.500000
vt 0.187500 1.000000
vt 0.187500 0.500000
vt 0.156250 1.000000
vt 0.156250 0.500000
vt 0.125000 1.000000
vt 0.125000 0.500000
vt 0.093750 1.000000
vt 0.093750 0.500000
vt 0.062500 1.000000
vt 0.062500 0.500000
vt 0.296822 0.485388
vt 0.250000 0.490000
vt 0.203178 0.485388
vt 0.158156 0.471731
vt 0.116663 0.449553
vt 0.080294 0.419706
vt 0.050447 0.383337
vt 0.028269 0.341844
vt 0.014612 0.296822
vt 0.010000 0.250000
vt 0.014612 0.203178
vt 0.028269 0.158156
vt 0.050447 0.116663
vt 0.080294 0.080294
vt 0.116663 0.050447
vt 0.158156 0.028269
vt 0.203178 0.014612
vt 0.250000 0.010000
vt 0.296822 0.014612
vt 0.341844 0.028269
vt 0.383337 0.050447
vt 0.419706 0.080294
vt 0.449553 0.116663
vt 0.471731 0.158156
vt 0.485388 0.203178
vt 0.490000 0.250000
vt 0.485388 0.296822
vt 0.471731 0.341844
vt 0.449553 0.383337
vt 0.419706 0.419706
vt 0.383337 0.449553
vt 0.341844 0.471731
vt 0.031250 1.000000
vt 0.031250 0.500000
vt 0.000000 1.000000
vt 0.000000 0.500000
vt 0.750000 0.490000
vt 0.796822 0.485388
vt 0.841844 0.471731
vt 0.883337 0.449553
vt 0.919706 0.419706
vt 0.949553 0.383337
vt 0.971731 0.341844
vt 0.985388 0.296822
vt 0.990000 0.250000
vt 0.985388 0.203178
vt 0.971731 0.158156
vt 0.949553 0.116663
vt 0.919706 0.080294
vt 0.883337 0.050447
vt 0.841844 0.028269
vt 0.796822 0.014612
vt 0.750000 0.010000
vt 0.703178 0.014612
vt 0.658156 0.028269
vt 0.616663 0.050447
vt 0.580294 0.080294
vt 0.550447 0.116663
vt 0.528269 0.158156
vt 0.514612 0.203178
vt 0.510000 0.250000
vt 0.514612 0.296822
vt 0.528269 0.341844
vt 0.550447 0.383337
vt 0.580294 0.419706
vt 0.616663 0.449553
vt 0.658156 0.471731
vt 0.703178 0.485388
s 1
usemtl 
f 65/97/27 66/98/27 68/99/27 67/100/27
f 67/100/28 68/99/28 70/101/28 69/102/28
f 69/102/29 70/101/29 72/103/29 71/104/29
f 71/104/30 72/103/30 74/105/30 73/106/30
f 73/106/31 74/105/31 76/107/31 75/108/31
f 75/108/32 76/107/32 78/109/32 77/110/32
f 77/110/33 78/109/33 80/111/33 79/112/33
f 79/112/34 80/111/34 82/113/34 81/114/34
f 81/114/35 82/113/35 84/115/35 83/116/35
f 83/116/36 84/115/36 86/117/36 85/118/36
f 85/118/37 86/117/37 88/119/37 87/120/37
f 87/120/38 88/119/38 90/121/38 89/122/38
f 89/122/39 90/121/39 92/123/39 91/124/39
f 91/124/40 92/123/40 94/125/40 93/126/40
f 93/126/41 94/125/41 96/127/41 95/128/41
f 95/128/42 96/127/42 98/129/42 97/130/42
f 97/130/43 98/129/43 100/131/43 99/132/43
f 99/132/44 100/131/44 102/133/44 101/134/44
f 101/134/45 102/133/45 104/135/45 103/136/45
f 103/136/46 104/135/46 106/137/46 105/138/46
f 105/138/47 106/137/47 108/139/47 107/140/47
f 107/140/48 108/139/48 110/141/48 109/142/48
f 109/142/49 110/141/49 112/143/49 111/144/49
f 111/144/50 112/143/50 114/145/50 113/146/50
f 113/146/51 114/145/51 116/147/51 115/148/51
f 115/148/52 116/147/52 118/149/52 117/150/52
f 117/150/53 118/149/53 120/151/53 119/152/53
f 119/152/54 120/151/54 122/153/54 121/154/54
f 121/154/55 122/153/55 124/155/55 123/156/55
f 123/156/56 124/155/56 126/157/56 125/158/56
f 68/159/57 66/160/57 128/161/57 126/162/57 124/163/57 122/164/57 120/165/57 118/166/57 116/167/57 114/168/57 112/169/57 110/170/57 108/171/57 106/172/57 104/173/57 102/174/57 100/175/57 98/176/57 96/177/57 94/178/57 92/179/57 90/180/57 88/181/57 86/182/57 84/183/57 82/184/57 80/185/57 78/186/57 76/187/57 74/188/57 72/189/57 70/190/57
f 125/158/58 126/157/58 128/191/58 127/192/58
f 127/192/59 128/191/59 66/193/59 65/194/59
f 65/195/60 67/196/60 69/197/60 71/198/60 73/199/60 75/200/60 77/201/60 79/202/60 81/203/60 83/204/60 85/205/60 87/206/60 89/207/60 91/208/60 93/209/60 95/210/60 97/211/60 99/212/60 101/213/60 103/214/60 105/215/60 107/216/60 109/217/60 111/218/60 113/219/60 115/220/60 117/221/60 119/222/60 121/223/60 123/224/60 125/225/60 127/226/60
o Mball.001
v 0.104795 13.055933 -0.341341
v 0.152440 13.154925 -0.330916
v 0.109364 13.154905 -0.292741
v 0.110492 13.310639 -0.110888
v 0.332756 13.310745 -0.307862
v 0.333027 13.348185 -0.264144
v 0.153840 13.348099 -0.105345
v 0.329732 13.440584 -0.087317
v 0.541633 13.465458 -0.072083
v 0.437710 13.343620 -0.298776
v 0.545611 13.349276 -0.291545
v 0.750711 13.449902 -0.060058
v 0.754689 13.333719 -0.279519
v 0.959788 13.434344 -0.048033
v 0.963766 13.318162 -0.267494
v 1.168866 13.418787 -0.036007
v 1.172843 13.302605 -0.255469
v 1.377943 13.403231 -0.023982
v 1.381921 13.287048 -0.243443
v 1.587020 13.387673 -0.011956
v 1.590998 13.271491 -0.231418
v 1.793274 13.331685 -0.003139
v 1.696997 13.249920 -0.226347
v 1.796569 13.239285 -0.179967
v 1.796298 13.201847 -0.223684
v 1.992189 13.170627 -0.002659
v 1.954495 13.214116 -0.001778
v 1.953096 13.020943 -0.227349
v 1.991061 13.014893 -0.184513
v 1.986492 12.915920 -0.233113
v 2.111471 12.782593 -0.024214
v 2.085579 12.994441 -0.009971
v 1.992660 12.808077 -0.240806
v 2.096885 12.573756 -0.040785
v 1.978074 12.599241 -0.257377
v 2.082299 12.364920 -0.057356
v 1.963488 12.390405 -0.273948
v 2.067713 12.156083 -0.073928
v 1.948902 12.181568 -0.290519
v 2.053127 11.947248 -0.090499
v 1.934316 11.972732 -0.307090
v 2.038542 11.738411 -0.107070
v 1.919730 11.763895 -0.323661
v 1.983478 11.532586 -0.125969
v 1.898639 11.658079 -0.332922
v 1.888959 11.553038 -0.300512
v 1.866570 11.372046 -0.145377
v 1.850995 11.559088 -0.343347
v 1.670678 11.403267 -0.366401
v 1.665296 11.359758 -0.329109
v 1.823223 11.334589 -0.150919
v 1.647330 11.242102 -0.168948
v 1.565729 11.370393 -0.375487
v 1.457823 11.364737 -0.382719
v 1.435429 11.217228 -0.184181
v 1.248746 11.380293 -0.394744
v 1.226351 11.232784 -0.196206
v 1.039669 11.395850 -0.406769
v 1.017274 11.248342 -0.208232
v 0.830591 11.411407 -0.418795
v 0.808196 11.263899 -0.220257
v 0.621514 11.426964 -0.430820
v 0.599119 11.279455 -0.232283
v 0.412436 11.442521 -0.442845
v 0.390042 11.295012 -0.244308
v 0.306432 11.464094 -0.447917
v 0.201754 11.468657 -0.413286
v 0.183788 11.351001 -0.253125
v 0.207137 11.512165 -0.450579
v 0.414247 11.457156 -0.455390
v 0.437158 11.675881 -0.570767
v 0.225527 11.688406 -0.542330
v 0.454129 11.887551 -0.591999
v 0.242666 11.900275 -0.566221
v 0.468715 12.096388 -0.575428
v 0.257252 12.109111 -0.549650
v 0.483301 12.305223 -0.558857
v 0.271838 12.317947 -0.533079
v 0.497887 12.514060 -0.542286
v 0.286424 12.526784 -0.516508
v 0.512472 12.722897 -0.525714
v 0.301010 12.735620 -0.499936
v 0.527058 12.931733 -0.509143
v 0.315596 12.944457 -0.483365
v 0.539259 13.137736 -0.454769
v 0.327629 13.150261 -0.426331
v 0.545520 13.336684 -0.306248
v 0.748336 13.122179 -0.442743
v 0.754597 13.321127 -0.294223
v 0.736136 12.916176 -0.497118
v 0.945213 12.900620 -0.485093
v 0.957414 13.106623 -0.430718
v 0.930627 12.691783 -0.501664
v 0.721550 12.707339 -0.513689
v 0.916041 12.482946 -0.518235
v 0.706964 12.498504 -0.530260
v 1.125119 12.467389 -0.506209
v 1.139704 12.676226 -0.489638
v 1.110533 12.258553 -0.522781
v 0.901455 12.274110 -0.534806
v 1.095947 12.049717 -0.539352
v 0.886869 12.065273 -0.551377
v 1.081361 11.840880 -0.555923
v 0.872284 11.856437 -0.567948
v 1.064390 11.629210 -0.534691
v 0.855313 11.644768 -0.546716
v 1.041479 11.410485 -0.419314
v 0.832402 11.426043 -0.431339
v 0.646235 11.660324 -0.558742
v 0.623324 11.441600 -0.443365
v 1.250556 11.394929 -0.407289
v 1.273467 11.613654 -0.522666
v 1.459634 11.379372 -0.395263
v 1.482545 11.598097 -0.510640
v 1.499516 11.809766 -0.531872
v 1.290438 11.825323 -0.543898
v 1.514102 12.018602 -0.515301
v 1.305024 12.034160 -0.527326
v 1.528687 12.227439 -0.498730
v 1.319610 12.242996 -0.510755
v 1.543273 12.436275 -0.482159
v 1.334196 12.451833 -0.494184
v 1.557859 12.645112 -0.465588
v 1.348782 12.660668 -0.477613
v 1.572445 12.853949 -0.449016
v 1.363368 12.869505 -0.461042
v 1.584646 13.059952 -0.394642
v 1.375569 13.075508 -0.406667
v 1.590907 13.258899 -0.246122
v 1.381830 13.274456 -0.258147
v 1.172752 13.290013 -0.270172
v 1.166491 13.091065 -0.418692
v 0.963675 13.305570 -0.282198
v 1.154290 12.885062 -0.473067
v 1.779138 12.835558 -0.399188
v 1.791171 13.041362 -0.342154
v 1.764552 12.626721 -0.415759
v 1.965304 12.601276 -0.271785
v 1.979890 12.810113 -0.255214
v 1.950718 12.392440 -0.288356
v 1.749966 12.417886 -0.432330
v 1.735380 12.209049 -0.448901
v 1.720794 12.000213 -0.465472
v 1.921546 11.974767 -0.321498
v 1.936132 12.183603 -0.304927
v 1.906960 11.765930 -0.338070
v 1.706208 11.791376 -0.482044
v 1.689069 11.579508 -0.458152
v 0.663206 11.871994 -0.579974
v 0.677792 12.080831 -0.563402
v 0.692378 12.289667 -0.546831
v 0.098193 12.950125 -0.363442
v 0.083607 12.741289 -0.380013
v 0.069119 12.741282 -0.367173
v 0.083705 12.950118 -0.350602
v 0.054533 12.532445 -0.383744
v 0.069022 12.532453 -0.396584
v -0.090651 12.526604 -0.182337
v -0.076065 12.735440 -0.165765
v -0.105237 12.317767 -0.198908
v 0.039947 12.323609 -0.400315
v -0.119823 12.108932 -0.215479
v 0.025361 12.114773 -0.416886
v -0.134409 11.900095 -0.232050
v 0.010775 11.905936 -0.433457
v -0.108518 11.688247 -0.246293
v 0.007263 11.693050 -0.408740
v 0.016943 11.798092 -0.441150
v -0.015127 11.512059 -0.253605
v -0.044770 11.456938 -0.048601
v -0.024395 11.463936 -0.154732
v -0.162182 11.675595 -0.039622
v -0.032091 11.442309 -0.048897
v 0.167778 11.294907 -0.047334
v 0.022566 11.468572 -0.254486
v 0.154592 11.279243 0.161666
v -0.045277 11.426646 0.160102
v 0.361031 11.225912 0.170694
v 0.374217 11.241575 -0.038306
v 0.570108 11.210356 0.182719
v 0.583294 11.226019 -0.026280
v 0.779185 11.194798 0.194745
v 0.792372 11.210462 -0.014255
v 0.988263 11.179241 0.206770
v 1.001449 11.194904 -0.002230
v 1.197340 11.163685 0.218795
v 1.210526 11.179348 0.009796
v 1.406418 11.148128 0.230821
v 1.419604 11.163791 0.021821
v 1.618133 11.170344 0.245843
v 1.631320 11.186007 0.036844
v 1.836419 11.286633 0.268331
v 1.849606 11.302297 0.059331
v 1.851000 11.299233 0.270195
v 1.864186 11.314897 0.061195
v 1.997583 11.498248 0.294358
v 2.010770 11.513911 0.085359
v 2.049986 11.704270 0.313104
v 2.063173 11.719934 0.104105
v 2.064572 11.913107 0.329675
v 2.077759 11.928770 0.120676
v 2.079158 12.121943 0.346246
v 2.092344 12.137607 0.137247
v 2.093744 12.330780 0.362818
v 2.106930 12.346443 0.153818
v 2.108330 12.539617 0.379389
v 2.121516 12.555279 0.170389
v 2.122916 12.748452 0.395960
v 2.136102 12.764115 0.186960
v 2.099684 12.960103 0.410356
v 2.112870 12.975766 0.201356
v 1.982272 13.178761 0.419335
v 1.995458 13.194424 0.210335
v 1.969594 13.193388 0.419631
v 1.982780 13.209051 0.210632
v 1.769725 13.340790 0.418068
v 1.782911 13.356453 0.209068
v 1.563286 13.394121 0.409040
v 1.576472 13.409784 0.200040
v 1.354209 13.409678 0.397014
v 1.367395 13.425342 0.188015
v 1.145131 13.425235 0.384989
v 1.158318 13.440898 0.175990
v 0.936054 13.440792 0.372964
v 0.949240 13.456455 0.163964
v 0.726976 13.456349 0.360938
v 0.740163 13.472013 0.151939
v 0.517899 13.471906 0.348913
v 0.531085 13.487569 0.139914
v 0.306183 13.449689 0.333890
v 0.319370 13.465352 0.124891
v 0.087897 13.333401 0.311403
v 0.101084 13.349064 0.102404
v 0.073318 13.320802 0.309539
v 0.086504 13.336465 0.100540
v -0.073266 13.121787 0.285376
v -0.060080 13.137450 0.076376
v -0.125670 12.915765 0.266630
v -0.112483 12.931428 0.057630
v -0.140256 12.706928 0.250058
v -0.127069 12.722591 0.041059
v -0.154841 12.498092 0.233487
v -0.141655 12.513755 0.024488
v -0.169427 12.289255 0.216916
v -0.156241 12.304918 0.007917
v -0.184013 12.080419 0.200345
v -0.170827 12.096082 -0.008654
v -0.198599 11.871582 0.183774
v -0.185413 11.887245 -0.025226
v -0.175368 11.659932 0.169378
v -0.188554 11.644269 0.378377
v -0.211785 11.855920 0.392773
v -0.071143 11.425611 0.369398
v -0.057956 11.441275 0.160399
v -0.084329 11.409948 0.578398
v -0.201741 11.628606 0.587377
v -0.071650 11.395320 0.578101
v -0.058464 11.410983 0.369102
v 0.128219 11.247917 0.579665
v 0.141405 11.263580 0.370665
v 0.334658 11.194586 0.588693
v 0.347844 11.210249 0.379693
v 0.543735 11.179029 0.600718
v 0.556922 11.194693 0.391719
v 0.752813 11.163472 0.612743
v 0.765999 11.179135 0.403744
v 0.961890 11.147915 0.624769
v 0.975076 11.163578 0.415769
v 1.170968 11.132359 0.636794
v 1.184154 11.148022 0.427795
v 1.380045 11.116801 0.648820
v 1.393231 11.132464 0.439820
v 1.591761 11.139018 0.663842
v 1.604947 11.154681 0.454843
v 1.810047 11.255307 0.686330
v 1.823233 11.270970 0.477330
v 1.824627 11.267907 0.688194
v 1.837814 11.283570 0.479194
v 1.971211 11.466922 0.712357
v 1.984397 11.482585 0.503357
v 2.023614 11.672944 0.731103
v 2.036800 11.688607 0.522104
v 2.038200 11.881781 0.747674
v 2.051386 11.897444 0.538675
v 2.052785 12.090617 0.764245
v 2.065972 12.106280 0.555246
v 2.067371 12.299454 0.780817
v 2.080558 12.315117 0.571817
v 2.081957 12.508290 0.797388
v 2.095144 12.523953 0.588388
v 2.096543 12.717126 0.813959
v 2.109729 12.732789 0.604959
v 2.073311 12.928777 0.828355
v 2.086498 12.944440 0.619355
v 1.955899 13.147434 0.837334
v 1.969085 13.163097 0.628334
v 1.943221 13.162062 0.837630
v 1.956408 13.177725 0.628631
v 1.743352 13.309464 0.836067
v 1.756539 13.325128 0.627067
v 1.536913 13.362795 0.827039
v 1.550100 13.378458 0.618039
v 1.327836 13.378352 0.815014
v 1.341022 13.394015 0.606014
v 1.118759 13.393909 0.802988
v 1.131945 13.409572 0.593989
v 0.909681 13.409466 0.790963
v 0.922867 13.425129 0.581963
v 0.700604 13.425023 0.778937
v 0.713790 13.440686 0.569938
v 0.491526 13.440579 0.766912
v 0.504713 13.456243 0.557913
v 0.279811 13.418363 0.751889
v 0.292997 13.434026 0.542890
v 0.061525 13.302074 0.729402
v 0.074711 13.317738 0.520403
v 0.046946 13.289475 0.727538
v 0.060132 13.305139 0.518539
v -0.099639 13.090461 0.703375
v -0.086452 13.106124 0.494375
v -0.152042 12.884439 0.684629
v -0.138856 12.900102 0.475629
v -0.166628 12.675602 0.668057
v -0.153442 12.691265 0.459058
v -0.181214 12.466765 0.651486
v -0.168028 12.482429 0.442487
v -0.195800 12.257929 0.634915
v -0.182614 12.273592 0.425916
v -0.210386 12.049092 0.618344
v -0.197200 12.064755 0.409345
v -0.224972 11.840257 0.601773
v -0.238158 11.824594 0.810772
v -0.223572 12.033429 0.827344
v -0.214927 11.612943 0.796376
v -0.228113 11.597280 1.005376
v -0.251344 11.808930 1.019772
v -0.110702 11.378622 0.996397
v -0.097515 11.394285 0.787397
v -0.098023 11.363994 0.996100
v -0.084836 11.379657 0.787101
v 0.101846 11.216591 0.997664
v 0.115032 11.232254 0.788664
v 0.308285 11.163260 1.006692
v 0.321472 11.178923 0.797692
v 0.517363 11.147703 1.018717
v 0.530549 11.163366 0.809718
v 0.726440 11.132146 1.030742
v 0.739626 11.147809 0.821743
v 0.935517 11.116589 1.042768
v 0.948704 11.132252 0.833768
v 1.144595 11.101032 1.054793
v 1.157781 11.116695 0.845794
v 1.353672 11.085475 1.066818
v 1.366858 11.101138 0.857819
v 1.565388 11.107692 1.081841
v 1.578574 11.123355 0.872842
v 1.783674 11.223981 1.104329
v 1.796860 11.239644 0.895329
v 1.798255 11.236581 1.106193
v 1.811441 11.252244 0.897193
v 1.944838 11.435596 1.130356
v 1.958024 11.451259 0.921356
v 1.997241 11.641618 1.149102
v 2.010427 11.657281 0.940103
v 2.011827 11.850454 1.165673
v 2.025013 11.866117 0.956674
v 2.026413 12.059291 1.182244
v 2.039599 12.074954 0.973245
v 2.040999 12.268127 1.198816
v 2.054185 12.283791 0.989816
v 2.055585 12.476964 1.215387
v 2.068771 12.492627 1.006387
v 2.070170 12.685801 1.231958
v 2.083357 12.701464 1.022958
v 2.046939 12.897450 1.246354
v 2.060125 12.913114 1.037354
v 1.929526 13.116109 1.255333
v 1.942713 13.131771 1.046333
v 1.916849 13.130735 1.255629
v 1.930035 13.146399 1.046630
v 1.716980 13.278138 1.254066
v 1.730166 13.293801 1.045066
v 1.510541 13.331469 1.245038
v 1.523727 13.347132 1.036038
v 1.301463 13.347026 1.233012
v 1.314650 13.362689 1.024013
v 1.092386 13.362583 1.220987
v 1.105572 13.378246 1.011988
v 0.883309 13.378139 1.208962
v 0.896495 13.393803 0.999962
v 0.674231 13.393697 1.196936
v 0.687417 13.409360 0.987937
v 0.465154 13.409254 1.184911
v 0.478340 13.424917 0.975912
v 0.253438 13.387036 1.169888
v 0.266624 13.402699 0.960889
v 0.035152 13.270748 1.147401
v 0.048338 13.286411 0.938402
v 0.020573 13.258149 1.145537
v 0.033759 13.273812 0.936538
v -0.126011 13.059134 1.121374
v -0.112825 13.074798 0.912374
v -0.178415 12.853112 1.102628
v -0.165229 12.868775 0.893628
v -0.193001 12.644276 1.086056
v -0.179814 12.659939 0.877057
v -0.207587 12.435439 1.069485
v -0.194400 12.451102 0.860486
v -0.222173 12.226603 1.052914
v -0.208986 12.242266 0.843915
v -0.236758 12.017767 1.036343
v -0.212127 11.999290 1.247518
v -0.197541 12.208126 1.264089
v -0.226713 11.790453 1.230947
v -0.107902 11.764969 1.447538
v -0.093316 11.973804 1.464109
v -0.101734 11.657125 1.439845
v -0.106303 11.558153 1.391246
v -0.200822 11.578605 1.216703
v -0.107431 11.402417 1.209392
v 0.088460 11.371197 1.430416
v 0.088189 11.333760 1.386701
v -0.069739 11.358930 1.208511
v -0.068339 11.552103 1.434081
v 0.091484 11.241359 1.209872
v 0.293760 11.301554 1.438150
v 0.297737 11.185370 1.218689
v 0.187756 11.323126 1.433079
v 0.502837 11.285996 1.450175
v 0.506815 11.169814 1.230714
v 0.293851 11.314146 1.452855
v 0.502928 11.298590 1.464880
v 0.300112 11.513094 1.601375
v 0.509189 11.497538 1.613400
v 0.312313 11.719097 1.655749
v 0.521390 11.703541 1.667774
v 0.326898 11.927934 1.672320
v 0.535976 11.912377 1.684345
v 0.341484 12.136770 1.688891
v 0.550562 12.121213 1.700916
v 0.356070 12.345607 1.705462
v 0.565148 12.330050 1.717487
v 0.370656 12.554443 1.722033
v 0.579733 12.538886 1.734059
v 0.385242 12.763280 1.738604
v 0.594319 12.747723 1.750630
v 0.402213 12.974949 1.717372
v 0.611290 12.959393 1.729397
v 0.425124 13.193674 1.601994
v 0.634201 13.178117 1.614019
v 0.636012 13.192751 1.601476
v 0.426934 13.208308 1.589451
v 0.319033 13.202653 1.582219
v 0.219462 13.213287 1.535839
v 0.237428 13.330942 1.375680
v 0.449329 13.355817 1.390913
v 0.214079 13.169778 1.573134
v 0.033763 13.013958 1.550079
v -0.004202 13.020008 1.507243
v 0.018188 13.200998 1.352109
v 0.061536 13.238457 1.357651
v -0.013882 12.914965 1.539654
v -0.034972 12.809151 1.530394
v -0.153784 12.834635 1.313802
v -0.098720 13.040460 1.332701
v -0.049558 12.600314 1.513823
v -0.168370 12.625798 1.297231
v -0.064144 12.391478 1.497251
v -0.182956 12.416963 1.280660
v -0.036789 12.598279 1.528231
v -0.051374 12.389442 1.511660
v -0.078730 12.182641 1.480680
v -0.065960 12.180606 1.495088
v -0.080546 11.971769 1.478517
v 0.120206 11.946324 1.622491
v 0.134792 12.155160 1.639062
v 0.105620 11.737488 1.605920
v -0.095132 11.762933 1.461946
v 0.093587 11.531684 1.548887
v 0.149378 12.363997 1.655633
v 0.163964 12.572833 1.672205
v -0.022203 12.807116 1.544802
v 0.178550 12.781670 1.688776
v 0.195689 12.993538 1.664884
v 0.027456 13.249123 1.253231
v 0.658407 13.340260 1.402939
v 0.845089 13.177194 1.613501
v 0.867484 13.324702 1.414964
v 1.054166 13.161637 1.625527
v 1.076561 13.309146 1.426989
v 1.263244 13.146080 1.637552
v 1.285639 13.293589 1.439015
v 1.472321 13.130523 1.649577
v 1.494716 13.278031 1.451040
v 1.700970 13.222044 1.459857
v 1.683003 13.104389 1.620017
v 1.578321 13.108953 1.654649
v 1.677621 13.060879 1.657311
v 1.659230 12.884640 1.749062
v 1.447600 12.897164 1.777499
v 1.470511 13.115890 1.662121
v 1.642092 12.672771 1.772953
v 1.430629 12.685494 1.798731
v 1.627506 12.463935 1.756382
v 1.416043 12.476658 1.782160
v 1.612920 12.255098 1.739811
v 1.401457 12.267822 1.765589
v 1.598334 12.046262 1.723240
v 1.386871 12.058986 1.749018
v 1.583748 11.837425 1.706669
v 1.372285 11.850149 1.732447
v 1.569162 11.628589 1.690098
v 1.357699 11.641313 1.715876
v 1.557129 11.422785 1.633064
v 1.345499 11.435309 1.661501
v 1.552001 11.262299 1.514594
v 1.447052 11.229424 1.505509
v 1.339238 11.236362 1.512982
v 1.339146 11.223768 1.498277
v 1.130069 11.239326 1.486251
v 1.130160 11.251919 1.500957
v 0.920992 11.254883 1.474226
v 0.921083 11.267475 1.488931
v 0.927344 11.466423 1.637451
v 1.136421 11.450867 1.649476
v 0.939545 11.672426 1.691825
v 1.148622 11.656870 1.703850
v 0.954131 11.881263 1.708396
v 1.163208 11.865706 1.720421
v 0.968717 12.090099 1.724967
v 1.177794 12.074542 1.736992
v 0.983302 12.298936 1.741538
v 1.192380 12.283379 1.753564
v 0.997888 12.507772 1.758109
v 1.206966 12.492215 1.770135
v 1.012474 12.716609 1.774680
v 1.221552 12.701052 1.786706
v 1.029445 12.928278 1.753448
v 1.238523 12.912722 1.765473
v 1.052356 13.147003 1.638070
v 1.261434 13.131446 1.650095
v 0.820368 12.943835 1.741423
v 0.843279 13.162560 1.626045
v 0.803397 12.732165 1.762655
v 0.788811 12.523329 1.746084
v 0.774225 12.314493 1.729513
v 0.759639 12.105657 1.712942
v 0.745053 11.896820 1.696371
v 0.730467 11.687984 1.679799
v 0.718266 11.481980 1.625425
v 0.712006 11.283032 1.476906
v 0.711914 11.270439 1.462201
v 0.924969 11.138700 1.254765
v 0.715892 11.154257 1.242739
v 1.134047 11.123143 1.266790
v 1.343124 11.107586 1.278816
v 1.551730 11.224861 1.470878
v 1.555026 11.132460 1.294049
v 1.732318 11.418120 1.537648
v 1.775393 11.418140 1.499474
v 1.774265 11.262404 1.317620
v 1.730919 11.224947 1.312078
v 1.779963 11.517112 1.548073
v 1.801053 11.622928 1.557334
v 1.946237 11.628769 1.355927
v 1.891174 11.422944 1.337027
v 1.815639 11.831764 1.573905
v 1.960823 11.837605 1.372498
v 1.830225 12.040601 1.590476
v 1.975409 12.046442 1.389069
v 1.844811 12.249436 1.607047
v 1.989995 12.255279 1.405640
v 1.859397 12.458273 1.623619
v 2.004581 12.464114 1.422211
v 1.873983 12.667109 1.640190
v 2.019167 12.672951 1.438782
v 1.867815 12.774952 1.647883
v 1.877495 12.879995 1.615471
v 1.993275 12.884799 1.453025
v 1.899885 13.060986 1.460337
v 1.834419 12.879975 1.653646
v 1.859494 12.667103 1.653030
v 1.844908 12.458266 1.636459
v 1.830322 12.249430 1.619888
v 1.801150 11.831757 1.586746
v 1.815736 12.040593 1.603317
v 1.786564 11.622921 1.570174
v 1.777879 11.229583 1.212324
v 1.862190 13.104475 1.461218
v 1.909153 13.109110 1.361459
v -0.103817 11.369596 1.104096
v -0.061480 12.944277 -0.149194
v -0.006416 13.150102 -0.130295
v 0.106878 13.343463 -0.005587
v 1.988575 13.203450 0.102641
v 1.857302 11.323923 -0.046504
v 0.050338 11.693070 -0.446914
v 0.025264 11.905943 -0.446298
v 0.039850 12.114779 -0.429727
v 0.054436 12.323616 -0.413155
vn -0.6574 0.4727 -0.5869
vn -0.5021 0.4857 -0.7155
vn -0.6404 0.2730 -0.7179
vn -0.2906 0.6537 -0.6987
vn -0.6550 0.6545 -0.3775
vn -0.5016 0.7901 -0.3523
vn -0.2954 0.7896 -0.5379
vn -0.2585 0.9236 -0.2832
vn -0.0611 0.6859 -0.7251
vn 0.0017 0.9583 -0.2857
vn 0.0439 0.8276 -0.5596
vn 0.0935 0.8234 -0.5597
vn 0.0875 0.9538 -0.2873
vn 0.1526 0.8213 -0.5497
vn 0.1693 0.9462 -0.2757
vn 0.2618 0.7303 -0.6310
vn 0.4194 0.8740 -0.2455
vn 0.4760 0.7268 -0.4951
vn 0.4620 0.6008 -0.6524
vn 0.6464 0.7075 -0.2858
vn 0.7838 0.5495 -0.2892
vn 0.7818 0.3707 -0.5013
vn 0.6451 0.3925 -0.6556
vn 0.7498 0.1604 -0.6419
vn 0.9190 0.3000 -0.2557
vn 0.9548 0.0428 -0.2942
vn 0.8209 0.0378 -0.5698
vn 0.8169 -0.0113 -0.5766
vn 0.9506 -0.0420 -0.3075
vn 0.8152 -0.0713 -0.5748
vn 0.9435 -0.1246 -0.3071
vn 0.7248 -0.1730 -0.6668
vn 0.8726 -0.3770 -0.3107
vn 0.7227 -0.3996 -0.5640
vn 0.7065 -0.5972 -0.3797
vn 0.3817 -0.5454 -0.7462
vn 0.5921 -0.3788 -0.7112
vn 0.5453 -0.7368 -0.3997
vn 0.3610 -0.7074 -0.6076
vn 0.2939 -0.8752 -0.3841
vn 0.0469 -0.7380 -0.6731
vn 0.1595 -0.5772 -0.8009
vn 0.0444 -0.9038 -0.4256
vn -0.0420 -0.8997 -0.4344
vn -0.0151 -0.7303 -0.6830
vn -0.1278 -0.8924 -0.4328
vn -0.0776 -0.7295 -0.6795
vn -0.3903 -0.6480 -0.6540
vn -0.1703 -0.6291 -0.7585
vn -0.3726 -0.8230 -0.4288
vn -0.3712 -0.4929 -0.7869
vn -0.0518 -0.2784 -0.9591
vn -0.0554 -0.5505 -0.8330
vn -0.3017 -0.2498 -0.9201
vn -0.3019 0.0106 -0.9533
vn -0.0336 -0.0089 -0.9994
vn -0.3025 0.0964 -0.9483
vn -0.0264 0.0809 -0.9964
vn -0.2899 0.1780 -0.9404
vn -0.0211 0.1702 -0.9852
vn -0.2557 0.4273 -0.8672
vn -0.0025 0.4322 -0.9018
vn 0.0300 0.6743 -0.7378
vn 0.0924 0.6791 -0.7282
vn 0.0837 0.4301 -0.8989
vn 0.0687 0.1631 -0.9842
vn 0.0628 0.0746 -0.9952
vn 0.0563 -0.0146 -0.9983
vn 0.0333 -0.2911 -0.9561
vn 0.0057 -0.5626 -0.8267
vn 0.1193 -0.2935 -0.9485
vn 0.0688 -0.5570 -0.8277
vn 0.1457 -0.0222 -0.9891
vn 0.1515 0.0677 -0.9861
vn 0.1582 0.1568 -0.9749
vn 0.1686 0.4172 -0.8930
vn 0.1539 0.6675 -0.7285
vn 0.4120 0.3808 -0.8278
vn 0.4188 0.1283 -0.8990
vn 0.4195 0.0426 -0.9067
vn 0.6712 0.0616 -0.7387
vn 0.6706 0.0120 -0.7417
vn 0.4068 -0.0391 -0.9127
vn 0.6603 -0.0466 -0.7496
vn 0.3661 -0.2962 -0.8822
vn -0.5725 0.1045 -0.8132
vn -0.5618 0.1635 -0.8109
vn -0.7380 0.1659 -0.6541
vn -0.7385 0.1044 -0.6661
vn -0.9051 0.0961 -0.4142
vn -0.7459 0.0416 -0.6647
vn -0.9087 0.0093 -0.4173
vn -0.6677 -0.0587 -0.7421
vn -0.7133 -0.2783 -0.6432
vn -0.8787 -0.2434 -0.4108
vn -0.7394 -0.4895 -0.4622
vn -0.7376 -0.6242 -0.2574
vn -0.8193 -0.5517 -0.1562
vn -0.9447 -0.2816 -0.1679
vn -0.6699 -0.7278 -0.1467
vn -0.5992 -0.6470 -0.4716
vn -0.4136 -0.8926 -0.1791
vn -0.6758 -0.7306 -0.0974
vn -0.4257 -0.8999 -0.0943
vn -0.1529 -0.9730 -0.1730
vn -0.1581 -0.9839 -0.0837
vn -0.0636 -0.9838 -0.1675
vn -0.0695 -0.9945 -0.0789
vn 0.0264 -0.9863 -0.1627
vn 0.0198 -0.9971 -0.0735
vn 0.2983 -0.9443 -0.1392
vn 0.2963 -0.9536 -0.0528
vn 0.5646 -0.8205 -0.0890
vn 0.5673 -0.8231 -0.0259
vn 0.7443 -0.6646 -0.0655
vn 0.7344 -0.6787 -0.0045
vn 0.9060 -0.4189 -0.0608
vn 0.9027 -0.4296 0.0248
vn 0.9869 -0.1563 -0.0399
vn 0.9854 -0.1626 0.0500
vn 0.9972 -0.0671 -0.0319
vn 0.9956 -0.0741 0.0573
vn 0.9994 0.0228 -0.0257
vn 0.9978 0.0151 0.0641
vn 0.9565 0.2916 -0.0041
vn 0.9530 0.2915 0.0820
vn 0.8278 0.5601 0.0318
vn 0.8211 0.5630 0.0940
vn 0.6703 0.7413 0.0352
vn 0.6758 0.7306 0.0974
vn 0.4268 0.9043 0.0081
vn 0.4257 0.8999 0.0943
vn 0.1642 0.9864 -0.0062
vn 0.1581 0.9839 0.0837
vn 0.0748 0.9971 -0.0103
vn 0.0695 0.9945 0.0789
vn -0.0151 0.9998 -0.0165
vn -0.0198 0.9971 0.0735
vn -0.2845 0.9581 -0.0324
vn -0.2963 0.9536 0.0528
vn -0.5559 0.8305 -0.0352
vn -0.5673 0.8231 0.0259
vn -0.7322 0.6796 -0.0451
vn -0.7344 0.6787 0.0045
vn -0.8964 0.4293 -0.1105
vn -0.9027 0.4296 -0.0248
vn -0.9756 0.1697 -0.1393
vn -0.9854 0.1626 -0.0500
vn -0.9860 0.0804 -0.1460
vn -0.9956 0.0741 -0.0573
vn -0.9881 -0.0093 -0.1535
vn -0.9978 -0.0151 -0.0641
vn -0.9530 -0.2915 -0.0820
vn -0.8211 -0.5630 -0.0940
vn -0.9994 -0.0228 0.0257
vn -0.9565 -0.2916 0.0041
vn -0.8278 -0.5601 -0.0318
vn -0.6734 -0.7383 -0.0379
vn -0.4239 -0.9056 -0.0116
vn -0.1642 -0.9864 0.0062
vn -0.0748 -0.9971 0.0103
vn 0.0151 -0.9998 0.0165
vn 0.2874 -0.9572 0.0336
vn 0.5567 -0.8299 0.0361
vn 0.7365 -0.6739 0.0586
vn 0.8952 -0.4317 0.1107
vn 0.9756 -0.1697 0.1393
vn 0.9860 -0.0804 0.1460
vn 0.9881 0.0093 0.1535
vn 0.9457 0.2788 0.1668
vn 0.8200 0.5508 0.1554
vn 0.6659 0.7294 0.1566
vn 0.4135 0.8933 0.1761
vn 0.1529 0.9730 0.1730
vn 0.0636 0.9838 0.1675
vn -0.0264 0.9863 0.1627
vn -0.2983 0.9443 0.1392
vn -0.5646 0.8205 0.0890
vn -0.7443 0.6646 0.0655
vn -0.9060 0.4189 0.0608
vn -0.9869 0.1563 0.0399
vn -0.9972 0.0671 0.0319
vn -0.9506 0.0420 0.3075
vn -0.9548 -0.0428 0.2942
vn -0.8169 0.0113 0.5766
vn -0.8209 -0.0378 0.5698
vn -0.9190 -0.3000 0.2557
vn -0.7818 -0.3707 0.5013
vn -0.7492 -0.1671 0.6409
vn -0.7838 -0.5495 0.2892
vn -0.6487 -0.6993 0.3003
vn -0.4626 -0.7368 0.4931
vn -0.4616 -0.5977 0.6555
vn -0.6465 -0.4003 0.6494
vn -0.4167 -0.8744 0.2486
vn -0.1729 -0.9448 0.2784
vn -0.1553 -0.8234 0.5459
vn -0.2384 -0.7369 0.6325
vn -0.0875 -0.9538 0.2873
vn -0.0935 -0.8234 0.5597
vn -0.0924 -0.6791 0.7282
vn -0.1541 -0.6651 0.7307
vn -0.0837 -0.4301 0.8989
vn -0.1691 -0.4194 0.8919
vn -0.0687 -0.1631 0.9842
vn -0.1582 -0.1568 0.9749
vn -0.0628 -0.0746 0.9952
vn -0.1515 -0.0677 0.9861
vn -0.0563 0.0146 0.9983
vn -0.1457 0.0222 0.9891
vn -0.0333 0.2911 0.9561
vn -0.1192 0.2911 0.9492
vn -0.0057 0.5626 0.8267
vn -0.0682 0.5597 0.8259
vn -0.0469 0.7380 0.6731
vn 0.0151 0.7303 0.6830
vn -0.1603 0.6568 0.7368
vn -0.2939 0.8752 0.3841
vn -0.3610 0.7074 0.6076
vn -0.0444 0.9038 0.4256
vn -0.3817 0.5489 0.7436
vn -0.7065 0.5972 0.3797
vn -0.7227 0.3996 0.5640
vn -0.5918 0.3701 0.7161
vn -0.5453 0.7368 0.3997
vn -0.7264 0.1664 0.6668
vn -0.8726 0.3770 0.3107
vn -0.9435 0.1246 0.3071
vn -0.8152 0.0713 0.5748
vn -0.6706 -0.0120 0.7417
vn -0.4195 -0.0426 0.9067
vn -0.6685 -0.0720 0.7402
vn -0.4183 -0.1253 0.8996
vn -0.4131 -0.3776 0.8287
vn -0.4069 0.0422 0.9125
vn -0.6643 0.0371 0.7465
vn -0.3645 0.2994 0.8818
vn -0.7270 0.6676 0.1606
vn 0.0420 0.8997 0.4344
vn 0.1279 0.8913 0.4350
vn 0.0781 0.7317 0.6771
vn 0.3904 0.6510 0.6510
vn 0.3742 0.8238 0.4258
vn 0.1506 0.6326 0.7597
vn 0.3704 0.4895 0.7894
vn 0.0554 0.5477 0.8348
vn 0.0523 0.2807 0.9584
vn 0.3027 0.2465 0.9206
vn 0.0336 0.0089 0.9994
vn 0.3013 -0.0136 0.9534
vn 0.0264 -0.0809 0.9964
vn 0.3025 -0.0964 0.9483
vn 0.0211 -0.1702 0.9852
vn 0.2900 -0.1810 0.9398
vn 0.0023 -0.4299 0.9029
vn 0.2542 -0.4304 0.8661
vn -0.0303 -0.6767 0.7356
vn 0.0731 -0.7604 0.6453
vn 0.2909 -0.6568 0.6957
vn -0.0307 -0.8302 0.5566
vn -0.0007 -0.9574 0.2889
vn 0.2518 -0.9253 0.2836
vn 0.2889 -0.7931 0.5362
vn 0.5011 -0.4778 0.7215
vn 0.6591 -0.6535 0.3722
vn 0.6502 -0.4857 0.5843
vn 0.4980 -0.7930 0.3508
vn 0.6389 -0.2704 0.7202
vn 0.8304 -0.4271 0.3579
vn 0.8988 -0.1777 0.4007
vn 0.7376 -0.1634 0.6551
vn 0.9051 -0.0961 0.4142
vn 0.7385 -0.1044 0.6661
vn 0.9101 -0.0103 0.4143
vn 0.7429 -0.0549 0.6671
vn 0.8770 0.2501 0.4102
vn 0.7096 0.2849 0.6445
vn 0.6616 0.0631 0.7472
vn 0.7364 0.4931 0.4633
vn 0.5565 0.2933 0.7773
vn 0.5701 -0.0450 0.8203
vn 0.5725 -0.1045 0.8132
vn 0.5661 -0.1537 0.8098
vn 0.7074 -0.6908 0.1493
vn 0.5995 0.6409 0.4794
vn 0.7334 0.6263 0.2644
vn -0.7548 -0.6517 0.0747
vn -0.8981 0.1809 -0.4009
vn -0.8296 0.4233 -0.3642
vn -0.6332 0.7598 -0.1475
vn 0.6832 0.7278 -0.0591
vn 0.7270 -0.6676 -0.1606
vn -0.5544 -0.2848 -0.7820
vn -0.5730 0.0550 -0.8177
s 1
usemtl orange.base.skin.001
f 131//61 130//62 129//63
f 133//64 130//62 131//61 132//65
f 135//66 134//67 133//64 132//65
f 134//67 135//66 136//68
f 138//69 134//67 136//68 137//70
f 139//71 138//69 137//70
f 141//72 139//71 137//70 140//73
f 143//72 141//72 140//73 142//73
f 145//72 143//72 142//73 144//73
f 147//72 145//72 144//73 146//73
f 149//74 147//72 146//73 148//75
f 151//76 149//74 148//75 150//77
f 152//78 151//76 150//77
f 151//76 152//78 153//79
f 153//79 152//78 155//80 154//81
f 157//82 156//83 153//79 154//81
f 156//83 157//82 158//84
f 158//84 157//82 160//85 159//86
f 161//87 158//84 159//86
f 163//88 161//87 159//86 162//89
f 165//88 163//88 162//89 164//89
f 167//88 165//88 164//89 166//89
f 169//88 167//88 166//89 168//89
f 171//90 169//88 168//89 170//91
f 173//92 171//90 170//91 172//93
f 174//94 173//92 172//93
f 174//94 172//93 175//95
f 177//96 176//97 174//94 175//95
f 179//98 178//99 177//96 175//95
f 178//99 179//98 180//100
f 182//101 181//102 178//99 180//100
f 183//103 182//101 180//100
f 185//104 184//105 182//101 183//103
f 187//104 186//105 184//105 185//104
f 189//104 188//105 186//105 187//104
f 191//104 190//105 188//105 189//104
f 193//106 192//107 190//105 191//104
f 195//108 194//109 192//107 193//106
f 196//110 195//108 193//106
f 194//109 195//108 197//111
f 199//112 198//113 194//109 197//111
f 200//114 199//112 197//111
f 200//114 202//115 201//116 199//112
f 202//115 204//117 203//118 201//116
f 204//117 206//117 205//118 203//118
f 206//117 208//117 207//118 205//118
f 208//117 210//117 209//118 207//118
f 210//117 212//119 211//120 209//118
f 212//119 214//121 213//122 211//120
f 215//123 213//122 214//121 133//64
f 138//69 215//123 133//64
f 213//122 215//123 217//124 216//125
f 211//120 213//122 216//125 218//126
f 218//126 216//125 220//125 219//126
f 222//127 218//126 219//126 221//127
f 224//127 222//127 221//127 223//127
f 223//127 221//127 226//127 225//127
f 228//127 223//127 225//127 227//127
f 230//127 228//127 227//127 229//127
f 232//128 230//127 229//127 231//128
f 234//129 232//128 231//128 233//129
f 236//130 234//129 233//129 235//130
f 238//130 237//129 234//129 236//130
f 235//130 233//129 240//129 239//130
f 239//130 240//129 242//131 241//132
f 240//129 244//128 243//133 242//131
f 244//128 246//127 245//134 243//133
f 246//127 248//127 247//134 245//134
f 248//127 250//127 249//134 247//134
f 250//127 252//127 251//134 249//134
f 252//127 254//126 253//135 251//134
f 254//126 256//125 255//136 253//135
f 256//125 258//124 257//137 255//136
f 260//125 259//124 258//124 256//125
f 220//125 261//124 259//124 260//125
f 262//126 260//125 256//125 254//126
f 253//135 255//136 264//138 263//139
f 226//127 262//126 254//126 252//127
f 251//134 253//135 263//139 265//140
f 265//140 263//139 267//141 266//142
f 269//140 265//140 266//142 268//142
f 249//134 251//134 265//140 269//140
f 247//134 249//134 269//140 270//140
f 245//134 247//134 270//140 271//140
f 271//140 270//140 273//142 272//142
f 275//143 271//140 272//142 274//144
f 276//145 275//143 274//144 173//92
f 176//97 276//145 173//92
f 243//133 245//134 271//140 275//143
f 242//131 243//133 275//143 276//145
f 241//132 242//131 276//145 177//96
f 181//102 241//132 177//96
f 237//129 277//128 232//128 234//129
f 233//129 231//128 244//128 240//129
f 277//128 278//127 230//127 232//128
f 231//128 229//127 246//127 244//128
f 278//127 279//127 228//127 230//127
f 229//127 227//127 248//127 246//127
f 227//127 225//127 250//127 248//127
f 225//127 226//127 252//127 250//127
f 221//127 219//126 262//126 226//127
f 219//126 220//125 260//125 262//126
f 281//146 280//147 212//119 210//117
f 283//148 280//147 281//146 282//149
f 280//147 283//148 129//63
f 282//149 281//146 285//146 284//149
f 287//150 282//149 284//149 286//150
f 286//150 284//149 289//149 288//150
f 288//150 289//149 291//149 290//150
f 290//150 291//149 293//151 292//152
f 293//151 296//153 295//154 294//155
f 292//152 293//151 294//155
f 294//155 295//154 297//156
f 294//155 297//156 299//157 298//158
f 300//159 294//155 298//158
f 298//158 299//157 301//160
f 299//157 303//161 196//110 302//162
f 301//160 299//157 302//162
f 305//163 301//160 302//162 304//164
f 304//164 302//162 307//165 306//166
f 306//166 307//165 309//167 308//168
f 308//168 309//167 311//167 310//168
f 310//168 311//167 313//167 312//168
f 312//168 313//167 315//167 314//168
f 314//168 315//167 317//169 316//170
f 316//170 317//169 319//171 318//172
f 318//172 319//171 321//173 320//174
f 321//173 323//175 322//176 320//174
f 323//175 325//177 324//178 322//176
f 325//177 327//179 326//180 324//178
f 327//179 329//181 328//182 326//180
f 329//181 331//181 330//182 328//182
f 331//181 333//181 332//182 330//182
f 333//181 335//181 334//182 332//182
f 335//181 337//183 336//184 334//182
f 337//183 339//185 338//186 336//184
f 339//185 341//187 340//188 338//186
f 340//188 341//187 343//189 342//190
f 343//189 345//191 344//192 342//190
f 345//191 347//193 346//194 344//192
f 347//193 349//195 348//196 346//194
f 349//195 351//195 350//196 348//196
f 351//195 353//195 352//196 350//196
f 353//195 355//195 354//196 352//196
f 355//195 357//197 356//198 354//196
f 357//197 359//199 358//200 356//198
f 359//199 361//201 360//202 358//200
f 361//201 363//203 362//204 360//202
f 362//204 363//203 365//205 364//206
f 364//206 365//205 367//207 366//208
f 366//208 367//207 369//209 368//210
f 368//210 369//209 371//209 370//210
f 370//210 371//209 373//209 372//210
f 372//210 373//209 375//209 374//210
f 374//210 375//209 377//211 376//212
f 376//212 377//211 300//159 378//213
f 380//212 376//212 378//213 379//213
f 379//213 378//213 382//214 381//214
f 384//213 379//213 381//214 383//214
f 383//214 381//214 386//163 385//163
f 385//163 386//163 388//164 387//164
f 387//164 388//164 390//166 389//166
f 389//166 390//166 392//168 391//168
f 391//168 392//168 394//168 393//168
f 393//168 394//168 396//168 395//168
f 395//168 396//168 398//168 397//168
f 397//168 398//168 400//170 399//170
f 399//170 400//170 402//172 401//172
f 401//172 402//172 404//174 403//174
f 404//174 406//176 405//176 403//174
f 406//176 408//178 407//178 405//176
f 408//178 410//180 409//180 407//178
f 410//180 412//182 411//182 409//180
f 412//182 414//182 413//182 411//182
f 414//182 416//182 415//182 413//182
f 416//182 418//182 417//182 415//182
f 418//182 420//184 419//184 417//182
f 420//184 422//186 421//186 419//184
f 422//186 424//188 423//188 421//186
f 423//188 424//188 426//190 425//190
f 426//190 428//192 427//192 425//190
f 428//192 430//194 429//194 427//192
f 430//194 432//196 431//196 429//194
f 432//196 434//196 433//196 431//196
f 434//196 436//196 435//196 433//196
f 436//196 438//196 437//196 435//196
f 438//196 440//198 439//198 437//196
f 440//198 442//200 441//200 439//198
f 442//200 444//202 443//202 441//200
f 444//202 446//204 445//204 443//202
f 445//204 446//204 448//206 447//206
f 447//206 448//206 450//208 449//208
f 449//208 450//208 452//210 451//210
f 451//210 452//210 454//210 453//210
f 453//210 454//210 456//210 455//210
f 455//210 456//210 458//210 457//210
f 457//210 458//210 380//212 459//212
f 461//210 457//210 459//212 460//212
f 460//212 459//212 384//213 462//213
f 464//215 460//212 462//213 463//216
f 463//216 462//213 466//214 465//217
f 465//217 466//214 468//163 467//218
f 467//218 468//163 470//164 469//219
f 469//219 470//164 472//166 471//220
f 471//220 472//166 474//168 473//221
f 473//221 474//168 476//168 475//221
f 475//221 476//168 478//168 477//221
f 477//221 478//168 480//168 479//221
f 479//221 480//168 482//170 481//222
f 481//222 482//170 484//172 483//223
f 483//223 484//172 486//174 485//224
f 486//174 488//176 487//225 485//224
f 488//176 490//178 489//226 487//225
f 490//178 492//180 491//227 489//226
f 492//180 494//182 493//228 491//227
f 494//182 496//182 495//228 493//228
f 496//182 498//182 497//228 495//228
f 498//182 500//182 499//228 497//228
f 500//182 502//184 501//229 499//228
f 502//184 504//186 503//230 501//229
f 504//186 506//188 505//231 503//230
f 505//231 506//188 508//190 507//232
f 508//190 510//192 509//233 507//232
f 510//192 512//194 511//234 509//233
f 512//194 514//196 513//235 511//234
f 514//196 516//196 515//235 513//235
f 516//196 518//196 517//235 515//235
f 518//196 520//196 519//235 517//235
f 520//196 522//198 521//236 519//235
f 522//198 524//200 523//237 521//236
f 524//200 526//202 525//238 523//237
f 526//202 528//204 527//239 525//238
f 527//239 528//204 530//206 529//240
f 529//240 530//206 532//208 531//241
f 531//241 532//208 534//210 533//242
f 533//242 534//210 536//210 535//242
f 535//242 536//210 538//210 537//242
f 537//242 538//210 461//210 539//242
f 541//243 537//242 539//242 540//243
f 540//243 539//242 464//215 542//244
f 544//245 540//243 542//244 543//246
f 542//244 547//247 546//248 545//249
f 543//246 542//244 545//249
f 546//248 547//247 548//250
f 548//250 551//251 550//252 549//253
f 552//254 546//248 548//250 549//253
f 550//252 551//251 553//255
f 550//252 553//255 555//256 554//257
f 556//258 550//252 554//257
f 554//257 555//256 558//259 557//260
f 560//261 559//262 554//257 557//260
f 562//263 561//264 559//262 560//261
f 564//265 563//266 561//264 562//263
f 566//267 565//268 563//266 564//265
f 568//267 567//268 565//268 566//267
f 570//267 569//268 567//268 568//267
f 572//267 571//268 569//268 570//267
f 574//269 573//270 571//268 572//267
f 576//271 575//272 573//270 574//269
f 578//273 577//274 575//272 576//271
f 580//275 577//274 578//273 579//276
f 581//277 577//274 580//275
f 583//278 582//279 581//277 580//275
f 584//280 583//278 580//275
f 581//277 582//279 585//281
f 588//282 587//283 586//284 585//281
f 582//279 589//285 588//282 585//281
f 586//284 587//283 590//286
f 593//287 592//288 591//289 590//286
f 587//283 593//287 590//286
f 591//289 592//288 595//243 594//245
f 594//245 595//243 597//243 596//245
f 599//290 598//290 594//245 596//245
f 601//290 599//290 596//245 600//245
f 602//290 601//290 600//245 544//245
f 604//291 601//290 602//290 603//291
f 603//291 602//290 606//292 605//293
f 607//294 605//293 606//292 545//249
f 552//254 607//294 545//249
f 608//291 599//290 601//290 604//291
f 609//291 598//290 599//290 608//291
f 611//295 610//296 598//290 609//291
f 598//290 610//296 591//289 594//245
f 591//289 610//296 590//286
f 611//295 612//297 586//284 590//286
f 610//296 611//295 590//286
f 589//285 613//298 588//282
f 586//284 612//297 585//281
f 589//285 582//279 583//278
f 614//299 584//280 580//275 579//276
f 616//299 614//299 579//276 615//276
f 618//299 616//299 615//276 617//276
f 620//299 618//299 617//276 619//276
f 622//300 620//299 619//276 621//301
f 624//302 623//303 622//300 621//301
f 625//304 624//302 621//301
f 624//302 625//304 626//305
f 629//306 628//307 627//308 626//305
f 625//304 629//306 626//305
f 627//308 628//307 631//309 630//310
f 630//310 631//309 633//311 632//312
f 632//312 633//311 635//311 634//312
f 634//312 635//311 637//311 636//312
f 636//312 637//311 639//311 638//312
f 638//312 639//311 641//313 640//314
f 640//314 641//313 643//315 642//316
f 643//315 646//317 645//318 644//319
f 642//316 643//315 644//319
f 645//318 646//317 647//320
f 646//317 649//261 648//260 647//320
f 649//261 651//261 650//260 648//260
f 653//263 652//263 651//261 649//261
f 655//265 654//265 652//263 653//263
f 657//267 656//267 654//265 655//265
f 659//267 658//267 656//267 657//267
f 661//267 660//267 658//267 659//267
f 663//267 662//267 660//267 661//267
f 665//269 664//269 662//267 663//267
f 667//271 666//271 664//269 665//269
f 669//273 668//273 666//271 667//271
f 668//273 671//273 670//271 666//271
f 666//271 670//271 672//269 664//269
f 664//269 672//269 673//267 662//267
f 662//267 673//267 674//267 660//267
f 660//267 674//267 675//267 658//267
f 658//267 675//267 676//267 656//267
f 656//267 676//267 677//265 654//265
f 654//265 677//265 678//263 652//263
f 652//263 678//263 679//261 651//261
f 651//261 679//261 680//260 650//260
f 680//260 682//259 681//259 650//260
f 650//260 681//259 683//259 648//260
f 648//260 683//259 684//321 647//320
f 686//322 685//323 645//318 647//320
f 684//321 686//322 647//320
f 643//315 653//263 649//261 646//317
f 687//324 642//316 644//319
f 689//325 688//326 687//324 644//319
f 685//323 690//327 689//325 644//319
f 687//324 688//326 691//328
f 694//329 693//330 692//331 691//328
f 688//326 694//329 691//328
f 693//330 696//332 695//333 692//331
f 696//332 698//332 697//333 695//333
f 698//332 700//332 699//333 697//333
f 700//332 702//332 701//333 699//333
f 702//332 704//334 703//335 701//333
f 704//334 707//336 706//337 705//338
f 703//335 704//334 705//338
f 706//337 707//336 708//339
f 706//337 709//340 705//338
f 710//341 703//335 705//338
f 703//335 710//341 711//342 701//333
f 701//333 711//342 712//342 699//333
f 697//333 714//342 713//342 695//333
f 695//333 713//342 715//343 692//331
f 692//331 715//343 691//328
f 694//329 688//326 689//325
f 690//327 716//344 689//325
f 645//318 685//323 644//319
f 641//313 655//265 653//263 643//315
f 640//314 642//316 687//324 691//328
f 715//343 640//314 691//328
f 639//311 657//267 655//265 641//313
f 713//342 638//312 640//314 715//343
f 637//311 659//267 657//267 639//311
f 714//342 636//312 638//312 713//342
f 635//311 661//267 659//267 637//311
f 712//342 634//312 636//312 714//342
f 633//311 663//267 661//267 635//311
f 711//342 632//312 634//312 712//342
f 631//309 665//269 663//267 633//311
f 710//341 630//310 632//312 711//342
f 628//307 667//271 665//269 631//309
f 627//308 630//310 710//341 705//338
f 709//340 627//308 705//338
f 629//306 669//273 667//271 628//307
f 627//308 709//340 626//305
f 624//302 717//345 623//303
f 629//306 625//304 621//301
f 619//276 669//273 629//306 621//301
f 617//276 668//273 669//273 619//276
f 615//276 671//273 668//273 617//276
f 575//272 577//274 581//277 585//281
f 612//297 575//272 585//281
f 671//273 578//273 576//271 670//271
f 575//272 612//297 611//295 573//270
f 670//271 576//271 574//269 672//269
f 573//270 611//295 609//291 571//268
f 672//269 574//269 572//267 673//267
f 571//268 609//291 608//291 569//268
f 673//267 572//267 570//267 674//267
f 569//268 608//291 604//291 567//268
f 567//268 604//291 603//291 565//268
f 675//267 568//267 566//267 676//267
f 565//268 603//291 605//293 563//266
f 676//267 566//267 564//265 677//265
f 563//266 605//293 607//294 561//264
f 677//265 564//265 562//263 678//263
f 559//262 561//264 607//294 549//253
f 556//258 559//262 549//253
f 678//263 562//263 560//261 679//261
f 679//261 560//261 557//260 680//260
f 559//262 556//258 554//257
f 550//252 556//258 549//253
f 607//294 552//254 549//253
f 546//248 552//254 545//249
f 606//292 543//246 545//249
f 606//292 602//290 544//245 543//246
f 600//245 541//243 540//243 544//245
f 597//243 535//242 537//242 541//243
f 595//243 533//242 535//242 597//243
f 592//288 531//241 533//242 595//243
f 593//287 529//240 531//241 592//288
f 527//239 529//240 593//287 588//282
f 613//298 527//239 588//282
f 527//239 613//298 525//238
f 525//238 613//298 589//285 583//278
f 523//237 525//238 583//278
f 521//236 523//237 583//278 584//280
f 519//235 521//236 584//280 614//299
f 517//235 519//235 614//299 616//299
f 515//235 517//235 616//299 618//299
f 513//235 515//235 618//299 620//299
f 511//234 513//235 620//299 622//300
f 509//233 511//234 622//300 623//303
f 718//346 507//232 509//233 623//303
f 717//345 718//346 623//303
f 718//346 717//345 708//339
f 718//346 505//231 507//232
f 503//230 505//231 718//346 708//339
f 707//336 503//230 708//339
f 501//229 503//230 707//336 704//334
f 499//228 501//229 704//334 702//332
f 497//228 499//228 702//332 700//332
f 495//228 497//228 700//332 698//332
f 493//228 495//228 698//332 696//332
f 491//227 493//228 696//332 693//330
f 489//226 491//227 693//330 694//329
f 487//225 489//226 694//329 689//325
f 716//344 487//225 689//325
f 487//225 716//344 485//224
f 485//224 716//344 690//327 686//322
f 483//223 485//224 686//322
f 684//321 481//222 483//223 686//322
f 683//259 479//221 481//222 684//321
f 681//259 477//221 479//221 683//259
f 682//259 475//221 477//221 681//259
f 558//259 473//221 475//221 682//259
f 555//256 471//220 473//221 558//259
f 553//255 469//219 471//220 555//256
f 719//347 467//218 469//219 553//255
f 551//251 719//347 553//255
f 719//347 465//217 467//218
f 463//216 465//217 719//347 548//250
f 547//247 463//216 548//250
f 542//244 464//215 463//216 547//247
f 539//242 461//210 460//212 464//215
f 538//210 455//210 457//210 461//210
f 536//210 453//210 455//210 538//210
f 534//210 451//210 453//210 536//210
f 532//208 449//208 451//210 534//210
f 530//206 447//206 449//208 532//208
f 528//204 445//204 447//206 530//206
f 443//202 445//204 528//204 526//202
f 441//200 443//202 526//202 524//200
f 439//198 441//200 524//200 522//198
f 437//196 439//198 522//198 520//196
f 435//196 437//196 520//196 518//196
f 433//196 435//196 518//196 516//196
f 431//196 433//196 516//196 514//196
f 429//194 431//196 514//196 512//194
f 427//192 429//194 512//194 510//192
f 425//190 427//192 510//192 508//190
f 506//188 423//188 425//190 508//190
f 421//186 423//188 506//188 504//186
f 419//184 421//186 504//186 502//184
f 417//182 419//184 502//184 500//182
f 415//182 417//182 500//182 498//182
f 413//182 415//182 498//182 496//182
f 411//182 413//182 496//182 494//182
f 409//180 411//182 494//182 492//180
f 407//178 409//180 492//180 490//178
f 405//176 407//178 490//178 488//176
f 403//174 405//176 488//176 486//174
f 484//172 401//172 403//174 486//174
f 482//170 399//170 401//172 484//172
f 480//168 397//168 399//170 482//170
f 478//168 395//168 397//168 480//168
f 476//168 393//168 395//168 478//168
f 474//168 391//168 393//168 476//168
f 472//166 389//166 391//168 474//168
f 470//164 387//164 389//166 472//166
f 468//163 385//163 387//164 470//164
f 466//214 383//214 385//163 468//163
f 462//213 384//213 383//214 466//214
f 459//212 380//212 379//213 384//213
f 458//210 374//210 376//212 380//212
f 456//210 372//210 374//210 458//210
f 452//210 368//210 370//210 454//210
f 367//207 720//348 287//150 369//209
f 450//208 366//208 368//210 452//210
f 365//205 721//349 720//348 367//207
f 448//206 364//206 366//208 450//208
f 722//350 132//65 721//349 365//205
f 363//203 722//350 365//205
f 722//350 363//203 361//201
f 360//202 362//204 446//204 444//202
f 358//200 360//202 444//202 442//200
f 356//198 358//200 442//200 440//198
f 354//196 356//198 440//198 438//196
f 350//196 352//196 436//196 434//196
f 348//196 350//196 434//196 432//196
f 346//194 348//196 432//196 430//194
f 344//192 346//194 430//194 428//192
f 155//80 150//77 345//191 343//189
f 723//351 155//80 343//189
f 342//190 344//192 428//192 426//190
f 341//187 723//351 343//189
f 154//81 723//351 341//187 339//185
f 160//85 154//81 339//185
f 338//186 340//188 424//188 422//186
f 336//184 338//186 422//186 420//184
f 334//182 336//184 420//184 418//182
f 332//182 334//182 418//182 416//182
f 328//182 330//182 414//182 412//182
f 326//180 328//182 412//182 410//180
f 324//178 326//180 410//180 408//178
f 322//176 324//178 408//178 406//176
f 724//352 323//175 321//173
f 320//174 322//176 406//176 404//174
f 400//170 316//170 318//172 402//172
f 398//168 314//168 316//170 400//170
f 396//168 312//168 314//168 398//168
f 394//168 310//168 312//168 396//168
f 390//166 306//166 308//168 392//168
f 388//164 304//164 306//166 390//166
f 386//163 305//163 304//164 388//164
f 382//214 298//158 301//160 305//163
f 303//161 299//157 297//156
f 378//213 300//159 298//158 382//214
f 725//353 295//154 296//153
f 293//151 726//354 296//153
f 377//211 292//152 294//155 300//159
f 291//149 727//146 726//354 293//151
f 375//209 290//150 292//152 377//211
f 289//149 728//146 727//146 291//149
f 373//209 288//150 290//150 375//209
f 371//209 286//150 288//150 373//209
f 369//209 287//150 286//150 371//209
f 720//348 283//148 282//149 287//150
f 209//118 211//120 218//126 222//127
f 285//146 281//146 210//117 208//117
f 207//118 209//118 222//127 224//127
f 728//146 285//146 208//117 206//117
f 205//118 207//118 224//127 279//127
f 727//146 728//146 206//117 204//117
f 203//118 205//118 279//127 278//127
f 726//354 727//146 204//117 202//115
f 201//116 203//118 278//127 277//128
f 202//115 200//114 725//353 296//153
f 726//354 202//115 296//153
f 199//112 201//116 277//128 237//129
f 725//353 200//114 197//111
f 198//113 199//112 237//129 238//130
f 303//161 195//108 196//110
f 194//109 198//113 192//107
f 302//162 196//110 193//106 307//165
f 192//107 198//113 238//130 190//105
f 307//165 193//106 191//104 309//167
f 309//167 191//104 189//104 311//167
f 188//105 236//130 235//130 186//105
f 311//167 189//104 187//104 313//167
f 186//105 235//130 239//130 184//105
f 313//167 187//104 185//104 315//167
f 184//105 239//130 241//132 182//101
f 315//167 185//104 183//103 317//169
f 241//132 181//102 182//101
f 317//169 183//103 180//100 319//171
f 180//100 179//98 724//352 321//173
f 319//171 180//100 321//173
f 276//145 176//97 177//96
f 724//352 179//98 175//95
f 175//95 172//93 325//177 323//175
f 724//352 175//95 323//175
f 174//94 176//97 173//92
f 274//144 171//90 173//92
f 172//93 170//91 327//179 325//177
f 274//144 272//142 169//88 171//90
f 170//91 168//89 329//181 327//179
f 272//142 273//142 167//88 169//88
f 168//89 166//89 331//181 329//181
f 273//142 268//142 165//88 167//88
f 166//89 164//89 333//181 331//181
f 268//142 266//142 163//88 165//88
f 164//89 162//89 335//181 333//181
f 266//142 267//141 161//87 163//88
f 162//89 159//86 337//183 335//181
f 161//87 267//141 158//84
f 159//86 160//85 339//185 337//183
f 263//139 264//138 156//83 158//84
f 267//141 263//139 158//84
f 160//85 157//82 154//81
f 155//80 723//351 154//81
f 255//136 257//137 151//76 153//79
f 264//138 255//136 153//79
f 155//80 152//78 150//77
f 151//76 257//137 149//74
f 150//77 148//75 347//193 345//191
f 257//137 258//124 147//72 149//74
f 148//75 146//73 349//195 347//193
f 258//124 259//124 145//72 147//72
f 146//73 144//73 351//195 349//195
f 259//124 261//124 143//72 145//72
f 144//73 142//73 353//195 351//195
f 261//124 217//124 141//72 143//72
f 142//73 140//73 355//195 353//195
f 217//124 215//123 139//71 141//72
f 140//73 137//70 357//197 355//195
f 215//123 138//69 139//71
f 137//70 136//68 359//199 357//197
f 135//66 722//350 361//201 359//199
f 136//68 135//66 359//199
f 131//61 721//349 132//65
f 134//67 138//69 133//64
f 214//121 130//62 133//64
f 722//350 135//66 132//65
f 131//61 129//63 283//148 720//348
f 721//349 131//61 720//348
f 214//121 212//119 280//147 129//63
f 130//62 214//121 129//63
f 284//149 285//146 728//146 289//149
f 197//111 195//108 303//161 297//156
f 295//154 725//353 197//111 297//156
f 216//125 217//124 261//124 220//125
f 279//127 224//127 223//127 228//127
f 190//105 238//130 236//130 188//105
f 156//83 264//138 153//79
f 270//140 269//140 268//142 273//142
f 178//99 181//102 177//96
f 446//204 362//204 364//206 448//206
f 454//210 370//210 372//210 456//210
f 381//214 382//214 305//163 386//163
f 352//196 354//196 438//196 436//196
f 392//168 308//168 310//168 394//168
f 424//188 340//188 342//190 426//190
f 330//182 332//182 416//182 414//182
f 402//172 318//172 320//174 404//174
f 593//287 587//283 588//282
f 596//245 597//243 541//243 600//245
f 719//347 551//251 548//250
f 579//276 578//273 671//273 615//276
f 674//267 570//267 568//267 675//267
f 557//260 558//259 682//259 680//260
f 708//339 717//345 624//302 626//305
f 709//340 706//337 708//339 626//305
f 699//333 712//342 714//342 697//333
f 690//327 685//323 686//322
o Cube.013
v 0.402221 3.694607 -2.150748
v 0.494344 6.169547 -0.457768
v 1.154444 3.828730 -2.387752
v 0.870455 6.236608 -0.576270
v 0.673434 3.262829 -1.534297
v 0.765557 5.737769 0.158682
v 1.425657 3.396952 -1.771301
v 1.141668 5.804831 0.040180
v 1.228142 5.808681 -1.033368
v 1.209718 5.313694 -1.371964
v 1.191293 4.818706 -1.710560
v 1.172869 4.323718 -2.049156
v 1.371414 3.483308 -1.894592
v 1.317172 3.569663 -2.017882
v 1.262929 3.656019 -2.141172
v 1.208687 3.742374 -2.264462
v 0.924698 6.150252 -0.452980
v 0.978941 6.063897 -0.329690
v 1.033183 5.977542 -0.206400
v 1.087426 5.891186 -0.083110
v 1.499355 5.376904 -0.416918
v 1.480931 4.881916 -0.755514
v 1.462506 4.386928 -1.094110
v 1.444082 3.891940 -1.432706
v 1.227111 4.237362 -1.925866
v 1.281354 4.151007 -1.802576
v 1.335596 4.064651 -1.679286
v 1.389839 3.978296 -1.555996
v 1.245536 4.732350 -1.587270
v 1.299778 4.645995 -1.463980
v 1.354021 4.559639 -1.340690
v 1.408264 4.473284 -1.217400
v 1.263960 5.227338 -1.248674
v 1.318203 5.140983 -1.125384
v 1.372446 5.054627 -1.002094
v 1.426688 4.968272 -0.878804
v 1.282385 5.722326 -0.910078
v 1.336628 5.635971 -0.786788
v 1.390870 5.549615 -0.663498
v 1.445113 5.463260 -0.540208
vn -0.3390 0.5397 -0.7706
vn 0.7994 0.5971 0.0665
vn 0.5754 0.7670 0.2840
vn 0.3390 -0.5397 0.7706
vn -0.9403 -0.1677 0.2963
vn -0.0307 -0.8250 -0.5643
vn 0.0307 0.8250 0.5643
vn 0.9403 0.1677 -0.2963
vt 0.375000 0.000000
vt 0.625000 0.000000
vt 0.625000 0.250000
vt 0.575000 0.250000
vt 0.525000 0.250000
vt 0.475000 0.250000
vt 0.425000 0.250000
vt 0.375000 0.250000
vt 0.575000 0.450000
vt 0.625000 0.450000
vt 0.625000 0.500000
vt 0.575000 0.500000
vt 0.375000 0.500000
vt 0.425000 0.500000
vt 0.475000 0.500000
vt 0.525000 0.500000
vt 0.625000 0.750000
vt 0.375000 0.750000
vt 0.625000 1.000000
vt 0.375000 1.000000
vt 0.125000 0.500000
vt 0.175000 0.500000
vt 0.225000 0.500000
vt 0.275000 0.500000
vt 0.325000 0.500000
vt 0.125000 0.750000
vt 0.675000 0.500000
vt 0.725000 0.500000
vt 0.775000 0.500000
vt 0.825000 0.500000
vt 0.875000 0.500000
vt 0.875000 0.750000
vt 0.375000 0.450000
vt 0.425000 0.450000
vt 0.475000 0.450000
vt 0.525000 0.450000
vt 0.425000 0.300000
vt 0.375000 0.300000
vt 0.425000 0.350000
vt 0.375000 0.350000
vt 0.425000 0.400000
vt 0.375000 0.400000
vt 0.475000 0.300000
vt 0.475000 0.350000
vt 0.475000 0.400000
vt 0.525000 0.300000
vt 0.525000 0.350000
vt 0.525000 0.400000
vt 0.575000 0.300000
vt 0.575000 0.350000
vt 0.575000 0.400000
vt 0.625000 0.300000
vt 0.625000 0.350000
vt 0.625000 0.400000
s 1
usemtl orange.base.skin.001
f 729/227/355 730/228/355 732/229/355 737/230/355 738/231/355 739/232/355 740/233/355 731/234/355
f 768/235/356 748/236/357 736/237/357 749/238/356
f 735/239/358 752/240/358 751/241/358 750/242/358 749/238/358 736/237/358 734/243/358 733/244/358
f 733/244/359 734/243/359 730/245/359 729/246/359
f 731/247/360 744/248/360 743/249/360 742/250/360 741/251/360 735/239/360 733/244/360 729/252/360
f 736/237/357 748/253/357 747/254/357 746/255/357 745/256/357 732/257/357 730/258/361 734/243/361
f 741/259/362 756/260/362 752/240/362 735/239/362
f 756/260/362 760/261/362 751/241/362 752/240/362
f 760/261/362 764/262/362 750/242/362 751/241/362
f 764/262/362 768/235/362 749/238/362 750/242/362
f 731/234/362 740/233/362 753/263/362 744/264/362
f 744/264/362 753/263/362 754/265/362 743/266/362
f 743/266/362 754/265/362 755/267/362 742/268/362
f 742/268/362 755/267/362 756/260/362 741/259/362
f 740/233/362 739/232/362 757/269/362 753/263/362
f 753/263/362 757/269/362 758/270/362 754/265/362
f 754/265/362 758/270/362 759/271/362 755/267/362
f 755/267/362 759/271/362 760/261/362 756/260/362
f 739/232/362 738/231/362 761/272/362 757/269/362
f 757/269/362 761/272/362 762/273/362 758/270/362
f 758/270/362 762/273/362 763/274/362 759/271/362
f 759/271/362 763/274/362 764/262/362 760/261/362
f 738/231/362 737/230/362 765/275/362 761/272/362
f 761/272/362 765/275/362 766/276/362 762/273/362
f 762/273/362 766/276/362 767/277/362 763/274/362
f 763/274/362 767/277/362 768/235/362 764/262/362
f 737/230/356 732/229/357 745/278/357 765/275/356
f 765/275/356 745/278/357 746/279/357 766/276/356
f 766/276/356 746/279/357 747/280/357 767/277/356
f 767/277/356 747/280/357 748/236/357 768/235/356
o Cube.019
v 2.462761 8.803696 2.146886
v 1.481924 10.336203 0.581835
v 3.161496 9.188442 2.085726
v 1.831291 10.528576 0.551255
v 2.250920 9.284338 2.750298
v 1.270082 10.816845 1.185247
v 2.949654 9.669085 2.689138
v 1.619449 11.009218 1.154667
v 2.376826 10.414448 0.833686
v 2.572993 10.107946 1.146696
v 2.769161 9.801445 1.459706
v 2.965328 9.494944 1.772716
v 2.992022 9.572956 2.568455
v 3.034390 9.476828 2.447773
v 3.076759 9.380699 2.327091
v 3.119127 9.284571 2.206409
v 1.788923 10.624704 0.671938
v 1.746554 10.720833 0.792620
v 1.704186 10.816961 0.913302
v 1.661818 10.913090 1.033985
v 2.164984 10.895090 1.437097
v 2.361151 10.588589 1.750108
v 2.557319 10.282087 2.063118
v 2.753486 9.975586 2.376128
v 2.922960 9.591072 1.893398
v 2.880591 9.687201 2.014081
v 2.838223 9.783329 2.134763
v 2.795855 9.879457 2.255445
v 2.726792 9.897573 1.580388
v 2.684424 9.993702 1.701071
v 2.642056 10.089830 1.821753
v 2.599687 10.185959 1.942435
v 2.530625 10.204075 1.267378
v 2.488256 10.300203 1.388060
v 2.445888 10.396332 1.508743
v 2.403520 10.492460 1.629425
v 2.334457 10.510576 0.954368
v 2.292089 10.606705 1.075050
v 2.249721 10.702833 1.195733
v 2.207352 10.798962 1.316415
vn 0.2648 -0.6008 -0.7543
vn 0.4093 0.7782 -0.4762
vn 0.0831 0.7935 -0.6029
vn -0.2648 0.6008 0.7543
vn -0.8734 -0.4809 0.0764
vn 0.4087 -0.6385 0.6521
vn -0.4087 0.6385 -0.6521
vn 0.8734 0.4809 -0.0764
vt 0.375000 0.000000
vt 0.625000 0.000000
vt 0.625000 0.250000
vt 0.575000 0.250000
vt 0.525000 0.250000
vt 0.475000 0.250000
vt 0.425000 0.250000
vt 0.375000 0.250000
vt 0.575000 0.450000
vt 0.625000 0.450000
vt 0.625000 0.500000
vt 0.575000 0.500000
vt 0.375000 0.500000
vt 0.425000 0.500000
vt 0.475000 0.500000
vt 0.525000 0.500000
vt 0.625000 0.750000
vt 0.375000 0.750000
vt 0.625000 1.000000
vt 0.375000 1.000000
vt 0.125000 0.500000
vt 0.175000 0.500000
vt 0.225000 0.500000
vt 0.275000 0.500000
vt 0.325000 0.500000
vt 0.125000 0.750000
vt 0.675000 0.500000
vt 0.725000 0.500000
vt 0.775000 0.500000
vt 0.825000 0.500000
vt 0.875000 0.500000
vt 0.875000 0.750000
vt 0.375000 0.450000
vt 0.425000 0.450000
vt 0.475000 0.450000
vt 0.525000 0.450000
vt 0.425000 0.300000
vt 0.375000 0.300000
vt 0.425000 0.350000
vt 0.375000 0.350000
vt 0.425000 0.400000
vt 0.375000 0.400000
vt 0.475000 0.300000
vt 0.475000 0.350000
vt 0.475000 0.400000
vt 0.525000 0.300000
vt 0.525000 0.350000
vt 0.525000 0.400000
vt 0.575000 0.300000
vt 0.575000 0.350000
vt 0.575000 0.400000
vt 0.625000 0.300000
vt 0.625000 0.350000
vt 0.625000 0.400000
s 1
usemtl orange.base.skin.001
f 769/281/363 770/282/363 772/283/363 777/284/363 778/285/363 779/286/363 780/287/363 771/288/363
f 808/289/364 788/290/365 776/291/365 789/292/364
f 775/293/366 792/294/366 791/295/366 790/296/366 789/292/366 776/291/366 774/297/366 773/298/366
f 773/298/367 774/297/367 770/299/367 769/300/367
f 771/301/368 784/302/368 783/303/368 782/304/368 781/305/368 775/293/368 773/298/368 769/306/368
f 776/291/365 788/307/365 787/308/365 786/309/365 785/310/365 772/311/365 770/312/369 774/297/369
f 781/313/370 796/314/370 792/294/370 775/293/370
f 796/314/370 800/315/370 791/295/370 792/294/370
f 800/315/370 804/316/370 790/296/370 791/295/370
f 804/316/370 808/289/370 789/292/370 790/296/370
f 771/288/370 780/287/370 793/317/370 784/318/370
f 784/318/370 793/317/370 794/319/370 783/320/370
f 783/320/370 794/319/370 795/321/370 782/322/370
f 782/322/370 795/321/370 796/314/370 781/313/370
f 780/287/370 779/286/370 797/323/370 793/317/370
f 793/317/370 797/323/370 798/324/370 794/319/370
f 794/319/370 798/324/370 799/325/370 795/321/370
f 795/321/370 799/325/370 800/315/370 796/314/370
f 779/286/370 778/285/370 801/326/370 797/323/370
f 797/323/370 801/326/370 802/327/370 798/324/370
f 798/324/370 802/327/370 803/328/370 799/325/370
f 799/325/370 803/328/370 804/316/370 800/315/370
f 778/285/370 777/284/370 805/329/370 801/326/370
f 801/326/370 805/329/370 806/330/370 802/327/370
f 802/327/370 806/330/370 807/331/370 803/328/370
f 803/328/370 807/331/370 808/289/370 804/316/370
f 777/284/364 772/283/365 785/332/365 805/329/364
f 805/329/364 785/332/365 786/333/365 806/330/364
f 806/330/364 786/333/365 787/334/365 807/331/364
f 807/331/364 787/334/365 788/290/365 808/289/364
o Cube.015
v 1.186942 6.862417 0.158492
v 1.798492 10.708148 1.073015
v -0.782712 7.197310 0.067333
v -0.171161 11.043041 0.981856
v 1.274283 7.094524 -0.875965
v 1.885833 10.940255 0.038558
v -0.695371 7.429417 -0.967124
v -0.083821 11.275148 -0.052601
vn -0.0821 -0.2182 0.9724
vn -0.9848 0.1674 -0.0456
vn 0.0821 0.2182 -0.9724
vn 0.9848 -0.1674 0.0456
vn -0.1529 -0.9614 -0.2286
vn 0.1529 0.9614 0.2286
vt 0.375000 0.000000
vt 0.625000 0.000000
vt 0.625000 0.250000
vt 0.375000 0.250000
vt 0.625000 0.500000
vt 0.375000 0.500000
vt 0.625000 0.750000
vt 0.375000 0.750000
vt 0.625000 1.000000
vt 0.375000 1.000000
vt 0.125000 0.500000
vt 0.125000 0.750000
vt 0.875000 0.500000
vt 0.875000 0.750000
s 1
usemtl orange.base.skin.001
f 809/335/371 810/336/371 812/337/371 811/338/371
f 811/338/372 812/337/372 816/339/372 815/340/372
f 815/340/373 816/339/373 814/341/373 813/342/373
f 813/342/374 814/341/374 810/343/374 809/344/374
f 811/345/375 815/340/375 813/342/375 809/346/375
f 816/339/376 812/347/376 810/348/376 814/341/376
o Cube.012
v -1.072571 3.632373 1.782754
v -0.678396 6.589657 2.205943
v -2.261533 3.844561 1.986239
v -1.455007 6.728255 2.338857
v -1.223416 3.899644 0.622663
v -0.778960 6.767838 1.432549
v -2.388332 4.107541 0.822033
v -1.555571 6.906436 1.565463
vn 0.1390 -0.1584 0.9775
vn -0.9554 0.2433 0.1675
vn -0.1118 0.2860 -0.9517
vn 0.9822 -0.1090 -0.1528
vn -0.2045 -0.9594 -0.1944
vn 0.2045 0.9594 0.1944
vt 0.375000 0.000000
vt 0.625000 0.000000
vt 0.625000 0.250000
vt 0.375000 0.250000
vt 0.625000 0.500000
vt 0.375000 0.500000
vt 0.625000 0.750000
vt 0.375000 0.750000
vt 0.625000 1.000000
vt 0.375000 1.000000
vt 0.125000 0.500000
vt 0.125000 0.750000
vt 0.875000 0.500000
vt 0.875000 0.750000
s 1
usemtl orange.base.skin.001
f 817/349/377 818/350/377 820/351/377 819/352/377
f 819/352/378 820/351/378 824/353/378 823/354/378
f 823/354/379 824/353/379 822/355/379 821/356/379
f 821/356/380 822/355/380 818/357/380 817/358/380
f 819/359/381 823/354/381 821/356/381 817/360/381
f 824/353/382 820/361/382 818/362/382 822/355/382
o Cube.014
v 0.446499 5.262525 -0.060881
v 1.205362 6.616339 -0.024632
v -0.707611 5.550658 0.097266
v -0.718154 7.096560 0.238946
v 0.326141 5.358173 -1.113482
v 1.085004 6.711987 -1.077233
v -0.827968 5.646306 -0.955335
v -0.838511 7.192209 -0.813655
v -0.707611 5.550658 0.097266
v -0.322908 5.454613 0.044550
v 0.061796 5.358569 -0.008165
v 0.446499 5.262525 -0.060881
v 0.521331 5.552496 -0.043088
v 0.596163 5.842468 -0.025295
v 0.670995 6.132440 -0.007502
v 1.130530 6.326367 -0.042425
v 0.820659 6.712383 0.028083
v 0.435956 6.808427 0.080799
v 0.051252 6.904472 0.133515
v -0.333451 7.000516 0.186230
v -0.792986 6.806589 0.221153
v -0.483115 6.420573 0.150644
v -0.557947 6.130601 0.132852
v -0.632779 5.840630 0.115059
v -0.803897 5.627176 -0.744815
v -0.779825 5.608047 -0.534295
v -0.755754 5.588917 -0.323775
v -0.731682 5.569788 -0.113254
v -0.742225 7.115690 0.028426
v -0.766297 7.134820 -0.182095
v -0.790368 7.153950 -0.392615
v -0.814440 7.173079 -0.603135
v -0.913343 6.902237 -0.831448
v -0.603472 6.516222 -0.901957
v -0.678304 6.226250 -0.919749
v -0.753136 5.936278 -0.937542
v 0.326141 5.358173 -1.113482
v -0.058562 5.454217 -1.060766
v -0.443265 5.550262 -1.008051
v -0.827968 5.646306 -0.955335
v -0.453808 7.096165 -0.866371
v -0.069105 7.000120 -0.919086
v 0.315598 6.904076 -0.971802
v 0.700301 6.808032 -1.024518
v 1.010172 6.422016 -1.095026
v 0.550637 6.228088 -1.060103
v 0.475805 5.938117 -1.077896
v 0.400973 5.648145 -1.095689
v 0.422427 5.281654 -0.271401
v 0.398356 5.300784 -0.481921
v 0.374284 5.319914 -0.692441
v 0.350213 5.339044 -0.902962
v 1.109076 6.692858 -0.866713
v 1.133147 6.673728 -0.656193
v 1.157219 6.654598 -0.445673
v 1.181290 6.635468 -0.235152
v -0.429737 7.077035 -0.655851
v -0.045034 6.980990 -0.708566
v 0.339670 6.884946 -0.761282
v 0.724373 6.788902 -0.813997
v -0.405665 7.057905 -0.445330
v -0.020962 6.961861 -0.498046
v 0.363741 6.865817 -0.550762
v 0.748444 6.769772 -0.603477
v -0.381594 7.038775 -0.234810
v 0.003109 6.942731 -0.287526
v 0.387813 6.846687 -0.340241
v 0.772516 6.750642 -0.392957
v -0.357522 7.019646 -0.024290
v 0.027181 6.923602 -0.077006
v 0.411884 6.827557 -0.129721
v 0.796587 6.731513 -0.182437
v -0.731682 5.569788 -0.113254
v -0.346979 5.473743 -0.165970
v 0.037724 5.377699 -0.218685
v 0.422427 5.281654 -0.271401
v -0.755754 5.588917 -0.323775
v -0.371051 5.492873 -0.376490
v 0.013653 5.396829 -0.429206
v 0.398356 5.300784 -0.481921
v -0.779825 5.608047 -0.534295
v -0.395122 5.512002 -0.587010
v -0.010419 5.415958 -0.639726
v 0.374284 5.319914 -0.692441
v -0.803897 5.627176 -0.744815
v -0.419194 5.531132 -0.797531
v -0.034491 5.435088 -0.850246
v 0.350213 5.339044 -0.902962
v 0.425045 5.629015 -0.885169
v 0.449116 5.609885 -0.674649
v 0.473188 5.590755 -0.464128
v 0.497259 5.571626 -0.253608
v 0.499877 5.918987 -0.867376
v 0.523948 5.899857 -0.656856
v 0.548020 5.880727 -0.446336
v 0.572091 5.861598 -0.235815
v 0.574709 6.208959 -0.849583
v 0.598780 6.189829 -0.639063
v 0.622852 6.170699 -0.428543
v 0.646923 6.151569 -0.218022
v 1.034244 6.402886 -0.884506
v 1.058315 6.383756 -0.673986
v 1.082387 6.364626 -0.463465
v 1.106458 6.345497 -0.252945
v -0.753136 5.936278 -0.937542
v -0.368433 5.840234 -0.990258
v 0.016270 5.744189 -1.042973
v 0.400973 5.648145 -1.095689
v -0.678304 6.226250 -0.919749
v -0.293601 6.130205 -0.972465
v 0.091102 6.034161 -1.025181
v 0.475805 5.938117 -1.077896
v -0.603472 6.516222 -0.901957
v -0.218769 6.420177 -0.954672
v 0.165934 6.324132 -1.007388
v 0.550637 6.228088 -1.060103
v -0.528640 6.806193 -0.884164
v -0.143937 6.710149 -0.936879
v 0.240766 6.614104 -0.989595
v 0.625469 6.518060 -1.042310
v -0.656850 5.859759 -0.095461
v -0.680922 5.878889 -0.305982
v -0.704993 5.898018 -0.516502
v -0.729065 5.917148 -0.727022
v -0.582018 6.149731 -0.077669
v -0.606090 6.168860 -0.288189
v -0.630161 6.187990 -0.498709
v -0.654233 6.207120 -0.709229
v -0.507186 6.439703 -0.059876
v -0.531258 6.458832 -0.270396
v -0.555329 6.477962 -0.480916
v -0.579401 6.497092 -0.691436
v -0.817057 6.825718 0.010633
v -0.841129 6.844848 -0.199888
v -0.865200 6.863978 -0.410408
v -0.889272 6.883108 -0.620928
v 0.521331 5.552496 -0.043088
v 0.136628 5.648540 0.009628
v -0.248076 5.744585 0.062343
v -0.632779 5.840630 0.115059
v 0.596163 5.842468 -0.025295
v 0.211460 5.938512 0.027420
v -0.173244 6.034557 0.080136
v -0.557947 6.130601 0.132852
v 0.670995 6.132440 -0.007502
v 0.286292 6.228484 0.045213
v -0.098412 6.324528 0.097929
v -0.483115 6.420573 0.150644
v 0.745827 6.422411 0.010291
v 0.361124 6.518456 0.063006
v -0.023580 6.614500 0.115722
v -0.408283 6.710545 0.168437
vn 0.1131 -0.0899 0.9895
vn -0.9618 0.2401 0.1318
vn -0.1131 0.0899 -0.9895
vn 0.9618 -0.2401 -0.1318
vn 0.2494 0.9666 0.0593
vn -0.0000 -0.0000 -0.0000
vn -0.2494 -0.9666 -0.0593
vn 0.3775 -0.9173 -0.1265
vn -0.7766 -0.6292 0.0316
vt 0.575000 0.200000
vt 0.625000 0.200000
vt 0.625000 0.250000
vt 0.575000 0.250000
vt 0.575000 0.450000
vt 0.625000 0.450000
vt 0.625000 0.500000
vt 0.575000 0.500000
vt 0.575000 0.700000
vt 0.625000 0.700000
vt 0.625000 0.750000
vt 0.575000 0.750000
vt 0.575000 0.950000
vt 0.625000 0.950000
vt 0.625000 1.000000
vt 0.575000 1.000000
vt 0.325000 0.700000
vt 0.375000 0.700000
vt 0.375000 0.750000
vt 0.325000 0.750000
vt 0.825000 0.700000
vt 0.875000 0.700000
vt 0.875000 0.750000
vt 0.825000 0.750000
vt 0.675000 0.700000
vt 0.675000 0.750000
vt 0.725000 0.700000
vt 0.725000 0.750000
vt 0.775000 0.700000
vt 0.775000 0.750000
vt 0.675000 0.500000
vt 0.675000 0.550000
vt 0.625000 0.550000
vt 0.675000 0.600000
vt 0.625000 0.600000
vt 0.675000 0.650000
vt 0.625000 0.650000
vt 0.725000 0.500000
vt 0.725000 0.550000
vt 0.725000 0.600000
vt 0.725000 0.650000
vt 0.775000 0.500000
vt 0.775000 0.550000
vt 0.775000 0.600000
vt 0.775000 0.650000
vt 0.825000 0.500000
vt 0.825000 0.550000
vt 0.825000 0.600000
vt 0.825000 0.650000
vt 0.875000 0.500000
vt 0.875000 0.550000
vt 0.875000 0.600000
vt 0.875000 0.650000
vt 0.125000 0.700000
vt 0.175000 0.700000
vt 0.175000 0.750000
vt 0.125000 0.750000
vt 0.225000 0.700000
vt 0.225000 0.750000
vt 0.275000 0.700000
vt 0.275000 0.750000
vt 0.125000 0.500000
vt 0.175000 0.500000
vt 0.175000 0.550000
vt 0.125000 0.550000
vt 0.175000 0.600000
vt 0.125000 0.600000
vt 0.175000 0.650000
vt 0.125000 0.650000
vt 0.225000 0.500000
vt 0.225000 0.550000
vt 0.225000 0.600000
vt 0.225000 0.650000
vt 0.275000 0.500000
vt 0.275000 0.550000
vt 0.275000 0.600000
vt 0.275000 0.650000
vt 0.325000 0.500000
vt 0.325000 0.550000
vt 0.325000 0.600000
vt 0.325000 0.650000
vt 0.375000 0.500000
vt 0.375000 0.550000
vt 0.375000 0.600000
vt 0.375000 0.650000
vt 0.375000 0.950000
vt 0.425000 0.950000
vt 0.425000 1.000000
vt 0.375000 1.000000
vt 0.475000 0.950000
vt 0.475000 1.000000
vt 0.525000 0.950000
vt 0.525000 1.000000
vt 0.425000 0.750000
vt 0.425000 0.800000
vt 0.375000 0.800000
vt 0.425000 0.850000
vt 0.375000 0.850000
vt 0.425000 0.900000
vt 0.375000 0.900000
vt 0.475000 0.750000
vt 0.475000 0.800000
vt 0.475000 0.850000
vt 0.475000 0.900000
vt 0.525000 0.750000
vt 0.525000 0.800000
vt 0.525000 0.850000
vt 0.525000 0.900000
vt 0.575000 0.800000
vt 0.575000 0.850000
vt 0.575000 0.900000
vt 0.625000 0.800000
vt 0.625000 0.850000
vt 0.625000 0.900000
vt 0.425000 0.700000
vt 0.475000 0.700000
vt 0.525000 0.700000
vt 0.425000 0.500000
vt 0.425000 0.550000
vt 0.425000 0.600000
vt 0.425000 0.650000
vt 0.475000 0.500000
vt 0.475000 0.550000
vt 0.475000 0.600000
vt 0.475000 0.650000
vt 0.525000 0.500000
vt 0.525000 0.550000
vt 0.525000 0.600000
vt 0.525000 0.650000
vt 0.575000 0.550000
vt 0.575000 0.600000
vt 0.575000 0.650000
vt 0.375000 0.450000
vt 0.425000 0.450000
vt 0.475000 0.450000
vt 0.525000 0.450000
vt 0.375000 0.250000
vt 0.425000 0.250000
vt 0.425000 0.300000
vt 0.375000 0.300000
vt 0.425000 0.350000
vt 0.375000 0.350000
vt 0.425000 0.400000
vt 0.375000 0.400000
vt 0.475000 0.250000
vt 0.475000 0.300000
vt 0.475000 0.350000
vt 0.475000 0.400000
vt 0.525000 0.250000
vt 0.525000 0.300000
vt 0.525000 0.350000
vt 0.525000 0.400000
vt 0.575000 0.300000
vt 0.575000 0.350000
vt 0.575000 0.400000
vt 0.625000 0.300000
vt 0.625000 0.350000
vt 0.625000 0.400000
vt 0.375000 0.200000
vt 0.425000 0.200000
vt 0.475000 0.200000
vt 0.525000 0.200000
vt 0.375000 0.000000
vt 0.425000 0.000000
vt 0.425000 0.050000
vt 0.375000 0.050000
vt 0.425000 0.100000
vt 0.375000 0.100000
vt 0.425000 0.150000
vt 0.375000 0.150000
vt 0.475000 0.000000
vt 0.475000 0.050000
vt 0.475000 0.100000
vt 0.475000 0.150000
vt 0.525000 0.000000
vt 0.525000 0.050000
vt 0.525000 0.100000
vt 0.525000 0.150000
vt 0.575000 0.000000
vt 0.575000 0.050000
vt 0.575000 0.100000
vt 0.575000 0.150000
vt 0.625000 0.000000
vt 0.625000 0.050000
vt 0.625000 0.100000
vt 0.625000 0.150000
s 1
usemtl orange.base.skin.001
f 976/363/383 844/364/383 828/365/383 845/366/383
f 960/367/384 856/368/384 832/369/384 857/370/384
f 944/371/385 868/372/385 830/373/385 869/374/385
f 928/375/386 880/376/386 826/377/386 840/378/386
f 912/379/387 861/380/388 829/381/388 876/382/387
f 896/383/387 841/384/387 826/385/387 880/386/387
f 868/372/387 884/387/387 877/388/387 830/373/387
f 884/387/387 888/389/387 878/390/387 877/388/387
f 888/389/387 892/391/387 879/392/387 878/390/387
f 892/391/387 896/383/387 880/386/387 879/392/387
f 832/369/387 856/393/387 881/394/387 865/395/387
f 865/395/387 881/394/387 882/396/387 866/397/387
f 866/397/387 882/396/387 883/398/387 867/399/387
f 867/399/387 883/398/387 884/387/387 868/372/387
f 856/393/387 855/400/387 885/401/387 881/394/387
f 881/394/387 885/401/387 886/402/387 882/396/387
f 882/396/387 886/402/387 887/403/387 883/398/387
f 883/398/387 887/403/387 888/389/387 884/387/387
f 855/400/387 854/404/387 889/405/387 885/401/387
f 885/401/387 889/405/387 890/406/387 886/402/387
f 886/402/387 890/406/387 891/407/387 887/403/387
f 887/403/387 891/407/387 892/391/387 888/389/387
f 854/404/387 853/408/387 893/409/387 889/405/387
f 889/405/387 893/409/387 894/410/387 890/406/387
f 890/406/387 894/410/387 895/411/387 891/407/387
f 891/407/387 895/411/387 896/383/387 892/391/387
f 853/408/387 828/412/387 844/413/387 893/409/387
f 893/409/387 844/413/387 843/414/387 894/410/387
f 894/410/387 843/414/387 842/415/387 895/411/387
f 895/411/387 842/415/387 841/384/387 896/383/387
f 836/416/388 900/417/387 873/418/387 825/419/388
f 900/417/387 904/420/387 874/421/387 873/418/387
f 904/420/387 908/422/387 875/423/387 874/421/387
f 908/422/387 912/379/387 876/382/387 875/423/387
f 827/424/388 852/425/387 897/426/387 833/427/388
f 833/427/389 897/426/389 898/428/389 834/429/389
f 834/429/389 898/428/389 899/430/389 835/431/389
f 835/431/389 899/430/389 900/417/389 836/416/389
f 852/425/387 851/432/387 901/433/387 897/426/387
f 897/426/389 901/433/389 902/434/389 898/428/389
f 898/428/389 902/434/389 903/435/389 899/430/389
f 899/430/389 903/435/389 904/420/389 900/417/389
f 851/432/387 850/436/387 905/437/387 901/433/387
f 901/433/389 905/437/389 906/438/389 902/434/389
f 902/434/389 906/438/389 907/439/389 903/435/389
f 903/435/389 907/439/389 908/422/389 904/420/389
f 850/436/387 849/440/387 909/441/387 905/437/387
f 905/437/389 909/441/389 910/442/389 906/438/389
f 906/438/389 910/442/389 911/443/389 907/439/389
f 907/439/389 911/443/389 912/379/389 908/422/389
f 849/440/387 831/444/388 864/445/388 909/441/387
f 909/441/389 864/445/389 863/446/389 910/442/389
f 910/442/389 863/446/389 862/447/389 911/443/389
f 911/443/389 862/447/389 861/380/389 912/379/389
f 873/448/386 916/449/386 837/450/386 825/451/386
f 916/449/386 920/452/386 838/453/386 837/450/386
f 920/452/386 924/454/386 839/455/386 838/453/386
f 924/454/390 928/375/390 840/378/390 839/455/390
f 829/381/386 872/456/386 913/457/386 876/458/386
f 876/458/386 913/457/386 914/459/386 875/460/386
f 875/460/386 914/459/386 915/461/386 874/462/386
f 874/462/386 915/461/386 916/449/386 873/448/386
f 872/456/386 871/463/386 917/464/386 913/457/386
f 913/457/386 917/464/386 918/465/386 914/459/386
f 914/459/386 918/465/386 919/466/386 915/461/386
f 915/461/386 919/466/386 920/452/386 916/449/386
f 871/463/386 870/467/386 921/468/386 917/464/386
f 917/464/386 921/468/386 922/469/386 918/465/386
f 918/465/386 922/469/386 923/470/386 919/466/386
f 919/466/386 923/470/386 924/454/386 920/452/386
f 870/467/390 869/374/390 925/471/390 921/468/390
f 921/468/390 925/471/390 926/472/390 922/469/390
f 922/469/390 926/472/390 927/473/390 923/470/390
f 923/470/390 927/473/390 928/375/390 924/454/390
f 869/374/386 830/373/386 877/474/386 925/471/386
f 925/471/386 877/474/386 878/475/386 926/472/386
f 926/472/386 878/475/386 879/476/386 927/473/386
f 927/473/386 879/476/386 880/376/386 928/375/386
f 861/380/388 932/477/388 872/456/388 829/381/388
f 932/477/388 936/478/388 871/463/388 872/456/388
f 936/478/388 940/479/388 870/467/388 871/463/388
f 940/479/385 944/371/385 869/374/385 870/467/385
f 831/444/388 860/480/388 929/481/388 864/445/388
f 864/445/385 929/481/385 930/482/385 863/446/385
f 863/446/385 930/482/385 931/483/385 862/447/385
f 862/447/385 931/483/385 932/477/385 861/380/385
f 860/480/388 859/484/388 933/485/388 929/481/388
f 929/481/385 933/485/385 934/486/385 930/482/385
f 930/482/385 934/486/385 935/487/385 931/483/385
f 931/483/385 935/487/385 936/478/385 932/477/385
f 859/484/388 858/488/388 937/489/388 933/485/388
f 933/485/385 937/489/385 938/490/385 934/486/385
f 934/486/385 938/490/385 939/491/385 935/487/385
f 935/487/385 939/491/385 940/479/385 936/478/385
f 858/488/385 857/370/385 941/492/385 937/489/385
f 937/489/385 941/492/385 942/493/385 938/490/385
f 938/490/385 942/493/385 943/494/385 939/491/385
f 939/491/385 943/494/385 944/371/385 940/479/385
f 857/370/385 832/369/385 865/395/385 941/492/385
f 941/492/385 865/395/385 866/397/385 942/493/385
f 942/493/385 866/397/385 867/399/385 943/494/385
f 943/494/385 867/399/385 868/372/385 944/371/385
f 849/495/384 948/496/384 860/480/384 831/444/384
f 948/496/384 952/497/384 859/484/384 860/480/384
f 952/497/384 956/498/384 858/488/384 859/484/384
f 956/498/391 960/367/391 857/370/391 858/488/391
f 827/499/384 848/500/384 945/501/384 852/502/384
f 852/502/384 945/501/384 946/503/384 851/504/384
f 851/504/384 946/503/384 947/505/384 850/506/384
f 850/506/384 947/505/384 948/496/384 849/495/384
f 848/500/384 847/507/384 949/508/384 945/501/384
f 945/501/384 949/508/384 950/509/384 946/503/384
f 946/503/384 950/509/384 951/510/384 947/505/384
f 947/505/384 951/510/384 952/497/384 948/496/384
f 847/507/384 846/511/384 953/512/384 949/508/384
f 949/508/384 953/512/384 954/513/384 950/509/384
f 950/509/384 954/513/384 955/514/384 951/510/384
f 951/510/384 955/514/384 956/498/384 952/497/384
f 846/511/391 845/366/391 957/515/391 953/512/391
f 953/512/391 957/515/391 958/516/391 954/513/391
f 954/513/391 958/516/391 959/517/391 955/514/391
f 955/514/391 959/517/391 960/367/391 956/498/391
f 845/366/384 828/365/384 853/518/384 957/515/384
f 957/515/384 853/518/384 854/519/384 958/516/384
f 958/516/384 854/519/384 855/520/384 959/517/384
f 959/517/384 855/520/384 856/368/384 960/367/384
f 833/521/388 964/522/388 848/500/388 827/499/388
f 964/522/388 968/523/388 847/507/388 848/500/388
f 968/523/388 972/524/388 846/511/388 847/507/388
f 972/524/383 976/363/383 845/366/383 846/511/383
f 825/525/388 837/526/388 961/527/388 836/528/388
f 836/528/383 961/527/383 962/529/383 835/530/383
f 835/530/383 962/529/383 963/531/383 834/532/383
f 834/532/383 963/531/383 964/522/383 833/521/383
f 837/526/388 838/533/388 965/534/388 961/527/388
f 961/527/383 965/534/383 966/535/383 962/529/383
f 962/529/383 966/535/383 967/536/383 963/531/383
f 963/531/383 967/536/383 968/523/383 964/522/383
f 838/533/388 839/537/388 969/538/388 965/534/388
f 965/534/383 969/538/383 970/539/383 966/535/383
f 966/535/383 970/539/383 971/540/383 967/536/383
f 967/536/383 971/540/383 972/524/383 968/523/383
f 839/537/383 840/541/383 973/542/383 969/538/383
f 969/538/383 973/542/383 974/543/383 970/539/383
f 970/539/383 974/543/383 975/544/383 971/540/383
f 971/540/383 975/544/383 976/363/383 972/524/383
f 840/541/383 826/545/383 841/546/383 973/542/383
f 973/542/383 841/546/383 842/547/383 974/543/383
f 974/543/383 842/547/383 843/548/383 975/544/383
f 975/544/383 843/548/383 844/364/383 976/363/383
o Cylinder.003
v -0.055530 6.771708 -0.403867
v 0.162397 7.616170 -0.352050
v -0.056249 6.774293 -0.442982
v 0.161679 7.618756 -0.391165
v -0.049548 6.774934 -0.481606
v 0.168380 7.619397 -0.429790
v -0.035685 6.773606 -0.518257
v 0.182243 7.618068 -0.466440
v -0.015192 6.770359 -0.551524
v 0.202735 7.614820 -0.499707
v 0.011142 6.765318 -0.580129
v 0.229069 7.609780 -0.528312
v 0.042306 6.758677 -0.602974
v 0.260233 7.603139 -0.551157
v 0.077102 6.750692 -0.619180
v 0.295029 7.595154 -0.567364
v 0.114193 6.741669 -0.628125
v 0.332120 7.586131 -0.576308
v 0.152154 6.731955 -0.629465
v 0.370081 7.576417 -0.577648
v 0.189525 6.721923 -0.623147
v 0.407453 7.566385 -0.571331
v 0.224871 6.711958 -0.609416
v 0.442799 7.556421 -0.557600
v 0.256834 6.702445 -0.588799
v 0.474761 7.546907 -0.536982
v 0.284184 6.693748 -0.562088
v 0.502112 7.538210 -0.510271
v 0.305872 6.686201 -0.530309
v 0.523799 7.530663 -0.478493
v 0.321063 6.680095 -0.494684
v 0.538990 7.524557 -0.442868
v 0.329173 6.675663 -0.456582
v 0.547101 7.520126 -0.404766
v 0.329892 6.673078 -0.417468
v 0.547819 7.517540 -0.365651
v 0.323191 6.672437 -0.378843
v 0.541118 7.516900 -0.327026
v 0.309328 6.673766 -0.342193
v 0.527255 7.518228 -0.290376
v 0.288835 6.677013 -0.308926
v 0.506763 7.521475 -0.257109
v 0.262501 6.682054 -0.280320
v 0.480429 7.526516 -0.228503
v 0.231337 6.688694 -0.257475
v 0.449265 7.533156 -0.205659
v 0.196541 6.696680 -0.241269
v 0.414469 7.541142 -0.189452
v 0.159450 6.705703 -0.232324
v 0.377378 7.550165 -0.180508
v 0.121489 6.715417 -0.230985
v 0.339417 7.559879 -0.179168
v 0.084118 6.725449 -0.237302
v 0.302045 7.569911 -0.185485
v 0.048772 6.735413 -0.251033
v 0.266699 7.579875 -0.199216
v 0.016809 6.744927 -0.271650
v 0.234737 7.589389 -0.219833
v -0.010541 6.753624 -0.298361
v 0.207386 7.598086 -0.246545
v -0.032229 6.761171 -0.330140
v 0.185699 7.605633 -0.278323
v -0.047419 6.767277 -0.365765
v 0.170508 7.611739 -0.313948
vn -0.9682 0.2478 0.0342
vn -0.9532 0.2559 -0.1611
vn -0.9015 0.2541 -0.3502
vn -0.8152 0.2426 -0.5259
vn -0.6976 0.2218 -0.6813
vn -0.5532 0.1925 -0.8105
vn -0.3875 0.1557 -0.9086
vn -0.2069 0.1130 -0.9718
vn -0.0183 0.0659 -0.9977
vn 0.1709 0.0163 -0.9852
vn 0.3536 -0.0339 -0.9348
vn 0.5227 -0.0828 -0.8485
vn 0.6717 -0.1286 -0.7296
vn 0.7949 -0.1694 -0.5827
vn 0.8875 -0.2037 -0.4134
vn 0.9460 -0.2301 -0.2281
vn 0.9682 -0.2478 -0.0342
vn 0.9532 -0.2559 0.1611
vn 0.9015 -0.2541 0.3502
vn 0.8152 -0.2426 0.5259
vn 0.6976 -0.2218 0.6813
vn 0.5532 -0.1925 0.8105
vn 0.3875 -0.1557 0.9086
vn 0.2069 -0.1130 0.9718
vn 0.0183 -0.0659 0.9977
vn -0.1709 -0.0163 0.9852
vn -0.3536 0.0339 0.9348
vn -0.5227 0.0828 0.8485
vn -0.6717 0.1286 0.7296
vn -0.7949 0.1694 0.5827
vn 0.2494 0.9666 0.0593
vn -0.8875 0.2037 0.4134
vn -0.9460 0.2301 0.2281
vn -0.2494 -0.9666 -0.0593
vt 1.000000 0.500000
vt 1.000000 1.000000
vt 0.968750 1.000000
vt 0.968750 0.500000
vt 0.937500 1.000000
vt 0.937500 0.500000
vt 0.906250 1.000000
vt 0.906250 0.500000
vt 0.875000 1.000000
vt 0.875000 0.500000
vt 0.843750 1.000000
vt 0.843750 0.500000
vt 0.812500 1.000000
vt 0.812500 0.500000
vt 0.781250 1.000000
vt 0.781250 0.500000
vt 0.750000 1.000000
vt 0.750000 0.500000
vt 0.718750 1.000000
vt 0.718750 0.500000
vt 0.687500 1.000000
vt 0.687500 0.500000
vt 0.656250 1.000000
vt 0.656250 0.500000
vt 0.625000 1.000000
vt 0.625000 0.500000
vt 0.593750 1.000000
vt 0.593750 0.500000
vt 0.562500 1.000000
vt 0.562500 0.500000
vt 0.531250 1.000000
vt 0.531250 0.500000
vt 0.500000 1.000000
vt 0.500000 0.500000
vt 0.468750 1.000000
vt 0.468750 0.500000
vt 0.437500 1.000000
vt 0.437500 0.500000
vt 0.406250 1.000000
vt 0.406250 0.500000
vt 0.375000 1.000000
vt 0.375000 0.500000
vt 0.343750 1.000000
vt 0.343750 0.500000
vt 0.312500 1.000000
vt 0.312500 0.500000
vt 0.281250 1.000000
vt 0.281250 0.500000
vt 0.250000 1.000000
vt 0.250000 0.500000
vt 0.218750 1.000000
vt 0.218750 0.500000
vt 0.187500 1.000000
vt 0.187500 0.500000
vt 0.156250 1.000000
vt 0.156250 0.500000
vt 0.125000 1.000000
vt 0.125000 0.500000
vt 0.093750 1.000000
vt 0.093750 0.500000
vt 0.062500 1.000000
vt 0.062500 0.500000
vt 0.296822 0.485388
vt 0.250000 0.490000
vt 0.203178 0.485388
vt 0.158156 0.471731
vt 0.116663 0.449553
vt 0.080294 0.419706
vt 0.050447 0.383337
vt 0.028269 0.341844
vt 0.014612 0.296822
vt 0.010000 0.250000
vt 0.014612 0.203178
vt 0.028269 0.158156
vt 0.050447 0.116663
vt 0.080294 0.080294
vt 0.116663 0.050447
vt 0.158156 0.028269
vt 0.203178 0.014612
vt 0.250000 0.010000
vt 0.296822 0.014612
vt 0.341844 0.028269
vt 0.383337 0.050447
vt 0.419706 0.080294
vt 0.449553 0.116663
vt 0.471731 0.158156
vt 0.485388 0.203178
vt 0.490000 0.250000
vt 0.485388 0.296822
vt 0.471731 0.341844
vt 0.449553 0.383337
vt 0.419706 0.419706
vt 0.383337 0.449553
vt 0.341844 0.471731
vt 0.031250 1.000000
vt 0.031250 0.500000
vt 0.000000 1.000000
vt 0.000000 0.500000
vt 0.750000 0.490000
vt 0.796822 0.485388
vt 0.841844 0.471731
vt 0.883337 0.449553
vt 0.919706 0.419706
vt 0.949553 0.383337
vt 0.971731 0.341844
vt 0.985388 0.296822
vt 0.990000 0.250000
vt 0.985388 0.203178
vt 0.971731 0.158156
vt 0.949553 0.116663
vt 0.919706 0.080294
vt 0.883337 0.050447
vt 0.841844 0.028269
vt 0.796822 0.014612
vt 0.750000 0.010000
vt 0.703178 0.014612
vt 0.658156 0.028269
vt 0.616663 0.050447
vt 0.580294 0.080294
vt 0.550447 0.116663
vt 0.528269 0.158156
vt 0.514612 0.203178
vt 0.510000 0.250000
vt 0.514612 0.296822
vt 0.528269 0.341844
vt 0.550447 0.383337
vt 0.580294 0.419706
vt 0.616663 0.449553
vt 0.658156 0.471731
vt 0.703178 0.485388
s 1
usemtl orange.base.skin.001
f 977/549/392 978/550/392 980/551/392 979/552/392
f 979/552/393 980/551/393 982/553/393 981/554/393
f 981/554/394 982/553/394 984/555/394 983/556/394
f 983/556/395 984/555/395 986/557/395 985/558/395
f 985/558/396 986/557/396 988/559/396 987/560/396
f 987/560/397 988/559/397 990/561/397 989/562/397
f 989/562/398 990/561/398 992/563/398 991/564/398
f 991/564/399 992/563/399 994/565/399 993/566/399
f 993/566/400 994/565/400 996/567/400 995/568/400
f 995/568/401 996/567/401 998/569/401 997/570/401
f 997/570/402 998/569/402 1000/571/402 999/572/402
f 999/572/403 1000/571/403 1002/573/403 1001/574/403
f 1001/574/404 1002/573/404 1004/575/404 1003/576/404
f 1003/576/405 1004/575/405 1006/577/405 1005/578/405
f 1005/578/406 1006/577/406 1008/579/406 1007/580/406
f 1007/580/407 1008/579/407 1010/581/407 1009/582/407
f 1009/582/408 1010/581/408 1012/583/408 1011/584/408
f 1011/584/409 1012/583/409 1014/585/409 1013/586/409
f 1013/586/410 1014/585/410 1016/587/410 1015/588/410
f 1015/588/411 1016/587/411 1018/589/411 1017/590/411
f 1017/590/412 1018/589/412 1020/591/412 1019/592/412
f 1019/592/413 1020/591/413 1022/593/413 1021/594/413
f 1021/594/414 1022/593/414 1024/595/414 1023/596/414
f 1023/596/415 1024/595/415 1026/597/415 1025/598/415
f 1025/598/416 1026/597/416 1028/599/416 1027/600/416
f 1027/600/417 1028/599/417 1030/601/417 1029/602/417
f 1029/602/418 1030/601/418 1032/603/418 1031/604/418
f 1031/604/419 1032/603/419 1034/605/419 1033/606/419
f 1033/606/420 1034/605/420 1036/607/420 1035/608/420
f 1035/608/421 1036/607/421 1038/609/421 1037/610/421
f 980/611/422 978/612/422 1040/613/422 1038/614/422 1036/615/422 1034/616/422 1032/617/422 1030/618/422 1028/619/422 1026/620/422 1024/621/422 1022/622/422 1020/623/422 1018/624/422 1016/625/422 1014/626/422 1012/627/422 1010/628/422 1008/629/422 1006/630/422 1004/631/422 1002/632/422 1000/633/422 998/634/422 996/635/422 994/636/422 992/637/422 990/638/422 988/639/422 986/640/422 984/641/422 982/642/422
f 1037/610/423 1038/609/423 1040/643/423 1039/644/423
f 1039/644/424 1040/643/424 978/645/424 977/646/424
f 977/647/425 979/648/425 981/649/425 983/650/425 985/651/425 987/652/425 989/653/425 991/654/425 993/655/425 995/656/425 997/657/425 999/658/425 1001/659/425 1003/660/425 1005/661/425 1007/662/425 1009/663/425 1011/664/425 1013/665/425 1015/666/425 1017/667/425 1019/668/425 1021/669/425 1023/670/425 1025/671/425 1027/672/425 1029/673/425 1031/674/425 1033/675/425 1035/676/425 1037/677/425 1039/678/425
o Cube.011
v -0.597521 7.280788 1.876448
v -0.667530 6.336124 -0.970076
v -1.376781 7.457416 1.836997
v -1.057160 6.424438 -0.989802
v -0.777535 6.542315 2.125950
v -0.847544 5.597651 -0.720575
v -1.556794 6.718942 2.086499
v -1.237174 5.685964 -0.740300
v -1.432788 6.701684 -0.440222
v -1.418786 6.890617 0.129083
v -1.404784 7.079550 0.698387
v -1.390782 7.268483 1.267692
v -1.520792 6.866637 2.036598
v -1.484789 7.014331 1.986698
v -1.448786 7.162026 1.936798
v -1.412783 7.309721 1.886898
v -1.093163 6.276743 -0.939901
v -1.129166 6.129048 -0.890001
v -1.165168 5.981354 -0.840101
v -1.201171 5.833659 -0.790201
v -1.612802 5.963211 -0.190721
v -1.598800 6.152143 0.378584
v -1.584798 6.341076 0.947889
v -1.570796 6.530009 1.517194
v -1.426785 7.120788 1.317593
v -1.462788 6.973094 1.367493
v -1.498791 6.825398 1.417393
v -1.534794 6.677704 1.467294
v -1.440787 6.931855 0.748288
v -1.476790 6.784161 0.798188
v -1.512793 6.636466 0.848088
v -1.548795 6.488771 0.897989
v -1.454789 6.742922 0.178983
v -1.490792 6.595228 0.228883
v -1.526794 6.447533 0.278783
v -1.562797 6.299838 0.328684
v -1.468791 6.553989 -0.390322
v -1.504794 6.406295 -0.340422
v -1.540796 6.258600 -0.290521
v -1.576799 6.110905 -0.240621
vn 0.2250 0.9231 -0.3119
vn -0.8234 0.0090 -0.5674
vn -0.5892 -0.1260 -0.7981
vn -0.2250 -0.9231 0.3119
vn 0.9741 -0.2208 0.0493
vn 0.0233 0.3149 0.9488
vn -0.0233 -0.3149 -0.9488
vn -0.9741 0.2208 -0.0493
vt 0.375000 0.000000
vt 0.625000 0.000000
vt 0.625000 0.250000
vt 0.575000 0.250000
vt 0.525000 0.250000
vt 0.475000 0.250000
vt 0.425000 0.250000
vt 0.375000 0.250000
vt 0.575000 0.450000
vt 0.625000 0.450000
vt 0.625000 0.500000
vt 0.575000 0.500000
vt 0.375000 0.500000
vt 0.425000 0.500000
vt 0.475000 0.500000
vt 0.525000 0.500000
vt 0.625000 0.750000
vt 0.375000 0.750000
vt 0.625000 1.000000
vt 0.375000 1.000000
vt 0.125000 0.500000
vt 0.175000 0.500000
vt 0.225000 0.500000
vt 0.275000 0.500000
vt 0.325000 0.500000
vt 0.125000 0.750000
vt 0.675000 0.500000
vt 0.725000 0.500000
vt 0.775000 0.500000
vt 0.825000 0.500000
vt 0.875000 0.500000
vt 0.875000 0.750000
vt 0.375000 0.450000
vt 0.425000 0.450000
vt 0.475000 0.450000
vt 0.525000 0.450000
vt 0.425000 0.300000
vt 0.375000 0.300000
vt 0.425000 0.350000
vt 0.375000 0.350000
vt 0.425000 0.400000
vt 0.375000 0.400000
vt 0.475000 0.300000
vt 0.475000 0.350000
vt 0.475000 0.400000
vt 0.525000 0.300000
vt 0.525000 0.350000
vt 0.525000 0.400000
vt 0.575000 0.300000
vt 0.575000 0.350000
vt 0.575000 0.400000
vt 0.625000 0.300000
vt 0.625000 0.350000
vt 0.625000 0.400000
s 1
usemtl orange.base.skin.001
f 1041/679/426 1042/680/426 1044/681/426 1049/682/426 1050/683/426 1051/684/426 1052/685/426 1043/686/426
f 1080/687/427 1060/688/428 1048/689/428 1061/690/427
f 1047/691/429 1064/692/429 1063/693/429 1062/694/429 1061/690/429 1048/689/429 1046/695/429 1045/696/429
f 1045/696/430 1046/695/430 1042/697/430 1041/698/430
f 1043/699/431 1056/700/431 1055/701/431 1054/702/431 1053/703/431 1047/691/431 1045/696/431 1041/704/431
f 1048/689/428 1060/705/428 1059/706/428 1058/707/428 1057/708/428 1044/709/428 1042/710/432 1046/695/432
f 1053/711/433 1068/712/433 1064/692/433 1047/691/433
f 1068/712/433 1072/713/433 1063/693/433 1064/692/433
f 1072/713/433 1076/714/433 1062/694/433 1063/693/433
f 1076/714/433 1080/687/433 1061/690/433 1062/694/433
f 1043/686/433 1052/685/433 1065/715/433 1056/716/433
f 1056/716/433 1065/715/433 1066/717/433 1055/718/433
f 1055/718/433 1066/717/433 1067/719/433 1054/720/433
f 1054/720/433 1067/719/433 1068/712/433 1053/711/433
f 1052/685/433 1051/684/433 1069/721/433 1065/715/433
f 1065/715/433 1069/721/433 1070/722/433 1066/717/433
f 1066/717/433 1070/722/433 1071/723/433 1067/719/433
f 1067/719/433 1071/723/433 1072/713/433 1068/712/433
f 1051/684/433 1050/683/433 1073/724/433 1069/721/433
f 1069/721/433 1073/724/433 1074/725/433 1070/722/433
f 1070/722/433 1074/725/433 1075/726/433 1071/723/433
f 1071/723/433 1075/726/433 1076/714/433 1072/713/433
f 1050/683/433 1049/682/433 1077/727/433 1073/724/433
f 1073/724/433 1077/727/433 1078/728/433 1074/725/433
f 1074/725/433 1078/728/433 1079/729/433 1075/726/433
f 1075/726/433 1079/729/433 1080/687/433 1076/714/433
f 1049/682/427 1044/681/428 1057/730/428 1077/727/427
f 1077/727/427 1057/730/428 1058/731/428 1078/728/427
f 1078/728/427 1058/731/428 1059/732/428 1079/729/427
f 1079/729/427 1059/732/428 1060/688/428 1080/687/427
o Cylinder
v 0.000000 9.750000 -0.200000
v 0.000000 10.250000 -0.200000
v 0.039018 9.750000 -0.196157
v 0.039018 10.250000 -0.196157
v 0.076537 9.750000 -0.184776
v 0.076537 10.250000 -0.184776
v 0.111114 9.750000 -0.166294
v 0.111114 10.250000 -0.166294
v 0.141421 9.750000 -0.141421
v 0.141421 10.250000 -0.141421
v 0.166294 9.750000 -0.111114
v 0.166294 10.250000 -0.111114
v 0.184776 9.750000 -0.076537
v 0.184776 10.250000 -0.076537
v 0.196157 9.750000 -0.039018
v 0.196157 10.250000 -0.039018
v 0.200000 9.750000 0.000000
v 0.200000 10.250000 0.000000
v 0.196157 9.750000 0.039018
v 0.196157 10.250000 0.039018
v 0.184776 9.750000 0.076537
v 0.184776 10.250000 0.076537
v 0.166294 9.750000 0.111114
v 0.166294 10.250000 0.111114
v 0.141421 9.750000 0.141421
v 0.141421 10.250000 0.141421
v 0.111114 9.750000 0.166294
v 0.111114 10.250000 0.166294
v 0.076537 9.750000 0.184776
v 0.076537 10.250000 0.184776
v 0.039018 9.750000 0.196157
v 0.039018 10.250000 0.196157
v 0.000000 9.750000 0.200000
v 0.000000 10.250000 0.200000
v -0.039018 9.750000 0.196157
v -0.039018 10.250000 0.196157
v -0.076537 9.750000 0.184776
v -0.076537 10.250000 0.184776
v -0.111114 9.750000 0.166294
v -0.111114 10.250000 0.166294
v -0.141421 9.750000 0.141421
v -0.141421 10.250000 0.141421
v -0.166294 9.750000 0.111114
v -0.166294 10.250000 0.111114
v -0.184776 9.750000 0.076537
v -0.184776 10.250000 0.076537
v -0.196157 9.750000 0.039018
v -0.196157 10.250000 0.039018
v -0.200000 9.750000 0.000000
v -0.200000 10.250000 0.000000
v -0.196157 9.750000 -0.039018
v -0.196157 10.250000 -0.039018
v -0.184776 9.750000 -0.076537
v -0.184776 10.250000 -0.076537
v -0.166294 9.750000 -0.111114
v -0.166294 10.250000 -0.111114
v -0.141421 9.750000 -0.141421
v -0.141421 10.250000 -0.141421
v -0.111114 9.750000 -0.166294
v -0.111114 10.250000 -0.166294
v -0.076537 9.750000 -0.184776
v -0.076537 10.250000 -0.184776
v -0.039018 9.750000 -0.196157
v -0.039018 10.250000 -0.196157
vn 0.0980 -0.0000 -0.9952
vn 0.2903 -0.0000 -0.9569
vn 0.4714 -0.0000 -0.8819
vn 0.6344 -0.0000 -0.7730
vn 0.7730 -0.0000 -0.6344
vn 0.8819 -0.0000 -0.4714
vn 0.9569 -0.0000 -0.2903
vn 0.9952 -0.0000 -0.0980
vn 0.9952 -0.0000 0.0980
vn 0.9569 -0.0000 0.2903
vn 0.8819 -0.0000 0.4714
vn 0.7730 -0.0000 0.6344
vn 0.6344 -0.0000 0.7730
vn 0.4714 -0.0000 0.8819
vn 0.2903 -0.0000 0.9569
vn 0.0980 -0.0000 0.9952
vn -0.0980 -0.0000 0.9952
vn -0.2903 -0.0000 0.9569
vn -0.4714 -0.0000 0.8819
vn -0.6344 -0.0000 0.7730
vn -0.7730 -0.0000 0.6344
vn -0.8819 -0.0000 0.4714
vn -0.9569 -0.0000 0.2903
vn -0.9952 -0.0000 0.0980
vn -0.9952 -0.0000 -0.0980
vn -0.9569 -0.0000 -0.2903
vn -0.8819 -0.0000 -0.4714
vn -0.7730 -0.0000 -0.6344
vn -0.6344 -0.0000 -0.7730
vn -0.4714 -0.0000 -0.8819
vn -0.0000 1.0000 -0.0000
vn -0.2903 -0.0000 -0.9569
vn -0.0980 -0.0000 -0.9952
vn -0.0000 -1.0000 -0.0000
vt 1.000000 0.500000
vt 1.000000 1.000000
vt 0.968750 1.000000
vt 0.968750 0.500000
vt 0.937500 1.000000
vt 0.937500 0.500000
vt 0.906250 1.000000
vt 0.906250 0.500000
vt 0.875000 1.000000
vt 0.875000 0.500000
vt 0.843750 1.000000
vt 0.843750 0.500000
vt 0.812500 1.000000
vt 0.812500 0.500000
vt 0.781250 1.000000
vt 0.781250 0.500000
vt 0.750000 1.000000
vt 0.750000 0.500000
vt 0.718750 1.000000
vt 0.718750 0.500000
vt 0.687500 1.000000
vt 0.687500 0.500000
vt 0.656250 1.000000
vt 0.656250 0.500000
vt 0.625000 1.000000
vt 0.625000 0.500000
vt 0.593750 1.000000
vt 0.593750 0.500000
vt 0.562500 1.000000
vt 0.562500 0.500000
vt 0.531250 1.000000
vt 0.531250 0.500000
vt 0.500000 1.000000
vt 0.500000 0.500000
vt 0.468750 1.000000
vt 0.468750 0.500000
vt 0.437500 1.000000
vt 0.437500 0.500000
vt 0.406250 1.000000
vt 0.406250 0.500000
vt 0.375000 1.000000
vt 0.375000 0.500000
vt 0.343750 1.000000
vt 0.343750 0.500000
vt 0.312500 1.000000
vt 0.312500 0.500000
vt 0.281250 1.000000
vt 0.281250 0.500000
vt 0.250000 1.000000
vt 0.250000 0.500000
vt 0.218750 1.000000
vt 0.218750 0.500000
vt 0.187500 1.000000
vt 0.187500 0.500000
vt 0.156250 1.000000
vt 0.156250 0.500000
vt 0.125000 1.000000
vt 0.125000 0.500000
vt 0.093750 1.000000
vt 0.093750 0.500000
vt 0.062500 1.000000
vt 0.062500 0.500000
vt 0.296822 0.485388
vt 0.250000 0.490000
vt 0.203178 0.485388
vt 0.158156 0.471731
vt 0.116663 0.449553
vt 0.080294 0.419706
vt 0.050447 0.383337
vt 0.028269 0.341844
vt 0.014612 0.296822
vt 0.010000 0.250000
vt 0.014612 0.203178
vt 0.028269 0.158156
vt 0.050447 0.116663
vt 0.080294 0.080294
vt 0.116663 0.050447
vt 0.158156 0.028269
vt 0.203178 0.014612
vt 0.250000 0.010000
vt 0.296822 0.014612
vt 0.341844 0.028269
vt 0.383337 0.050447
vt 0.419706 0.080294
vt 0.449553 0.116663
vt 0.471731 0.158156
vt 0.485388 0.203178
vt 0.490000 0.250000
vt 0.485388 0.296822
vt 0.471731 0.341844
vt 0.449553 0.383337
vt 0.419706 0.419706
vt 0.383337 0.449553
vt 0.341844 0.471731
vt 0.031250 1.000000
vt 0.031250 0.500000
vt 0.000000 1.000000
vt 0.000000 0.500000
vt 0.750000 0.490000
vt 0.796822 0.485388
vt 0.841844 0.471731
vt 0.883337 0.449553
vt 0.919706 0.419706
vt 0.949553 0.383337
vt 0.971731 0.341844
vt 0.985388 0.296822
vt 0.990000 0.250000
vt 0.985388 0.203178
vt 0.971731 0.158156
vt 0.949553 0.116663
vt 0.919706 0.080294
vt 0.883337 0.050447
vt 0.841844 0.028269
vt 0.796822 0.014612
vt 0.750000 0.010000
vt 0.703178 0.014612
vt 0.658156 0.028269
vt 0.616663 0.050447
vt 0.580294 0.080294
vt 0.550447 0.116663
vt 0.528269 0.158156
vt 0.514612 0.203178
vt 0.510000 0.250000
vt 0.514612 0.296822
vt 0.528269 0.341844
vt 0.550447 0.383337
vt 0.580294 0.419706
vt 0.616663 0.449553
vt 0.658156 0.471731
vt 0.703178 0.485388
s 0
f 1081/733/434 1082/734/434 1084/735/434 1083/736/434
f 1083/736/435 1084/735/435 1086/737/435 1085/738/435
f 1085/738/436 1086/737/436 1088/739/436 1087/740/436
f 1087/740/437 1088/739/437 1090/741/437 1089/742/437
f 1089/742/438 1090/741/438 1092/743/438 1091/744/438
f 1091/744/439 1092/743/439 1094/745/439 1093/746/439
f 1093/746/440 1094/745/440 1096/747/440 1095/748/440
f 1095/748/441 1096/747/441 1098/749/441 1097/750/441
f 1097/750/442 1098/749/442 1100/751/442 1099/752/442
f 1099/752/443 1100/751/443 1102/753/443 1101/754/443
f 1101/754/444 1102/753/444 1104/755/444 1103/756/444
f 1103/756/445 1104/755/445 1106/757/445 1105/758/445
f 1105/758/446 1106/757/446 1108/759/446 1107/760/446
f 1107/760/447 1108/759/447 1110/761/447 1109/762/447
f 1109/762/448 1110/761/448 1112/763/448 1111/764/448
f 1111/764/449 1112/763/449 1114/765/449 1113/766/449
f 1113/766/450 1114/765/450 1116/767/450 1115/768/450
f 1115/768/451 1116/767/451 1118/769/451 1117/770/451
f 1117/770/452 1118/769/452 1120/771/452 1119/772/452
f 1119/772/453 1120/771/453 1122/773/453 1121/774/453
f 1121/774/454 1122/773/454 1124/775/454 1123/776/454
f 1123/776/455 1124/775/455 1126/777/455 1125/778/455
f 1125/778/456 1126/777/456 1128/779/456 1127/780/456
f 1127/780/457 1128/779/457 1130/781/457 1129/782/457
f 1129/782/458 1130/781/458 1132/783/458 1131/784/458
f 1131/784/459 1132/783/459 1134/785/459 1133/786/459
f 1133/786/460 1134/785/460 1136/787/460 1135/788/460
f 1135/788/461 1136/787/461 1138/789/461 1137/790/461
f 1137/790/462 1138/789/462 1140/791/462 1139/792/462
f 1139/792/463 1140/791/463 1142/793/463 1141/794/463
f 1084/795/464 1082/796/464 1144/797/464 1142/798/464 1140/799/464 1138/800/464 1136/801/464 1134/802/464 1132/803/464 1130/804/464 1128/805/464 1126/806/464 1124/807/464 1122/808/464 1120/809/464 1118/810/464 1116/811/464 1114/812/464 1112/813/464 1110/814/464 1108/815/464 1106/816/464 1104/817/464 1102/818/464 1100/819/464 1098/820/464 1096/821/464 1094/822/464 1092/823/464 1090/824/464 1088/825/464 1086/826/464
f 1141/794/465 1142/793/465 1144/827/465 1143/828/465
f 1143/828/466 1144/827/466 1082/829/466 1081/830/466
f 1081/831/467 1083/832/467 1085/833/467 1087/834/467 1089/835/467 1091/836/467 1093/837/467 1095/838/467 1097/839/467 1099/840/467 1101/841/467 1103/842/467 1105/843/467 1107/844/467 1109/845/467 1111/846/467 1113/847/467 1115/848/467 1117/849/467 1119/850/467 1121/851/467 1123/852/467 1125/853/467 1127/854/467 1129/855/467 1131/856/467 1133/857/467 1135/858/467 1137/859/467 1139/860/467 1141/861/467 1143/862/467
